battery,battery life,charge,come,good,great,life,like,new,screen,unlocked battery,use,work,Cluster
0.0,0.0,0.0,0.6125560982011773,0.543745838195541,0.0,0.0,0.0,0.5736858809501748,0.0,0.0,0.0,0.0,2
0.0,0.0,0.0,0.0,0.0,1.0,0.0,0.0,0.0,0.0,0.0,0.0,0.0,2
0.0,0.0,0.0,0.0,0.0,0.8092767746300223,0.0,0.0,0.0,0.0,0.0,0.0,0.5874275291850289,1
0.0,0.0,0.0,0.0,0.0,0.5275266840749229,0.0,0.5535072120820647,0.5183839872104048,0.0,0.0,0.0,0.3829143580043713,1
0.418033165145997,0.0,0.6302406877362631,0.0,0.0,0.0,0.0,0.0,0.0,0.0,0.6542514412362741,0.0,0.0,2
0.0,0.0,1.0,0.0,0.0,0.0,0.0,0.0,0.0,0.0,0.0,0.0,0.0,2
0.0,0.0,0.0,0.0,0.0,0.0,0.0,0.0,0.0,0.0,0.0,0.0,0.0,2
0.5495434081712041,0.0,0.0,0.8354651653633306,0.0,0.0,0.0,0.0,0.0,0.0,0.0,0.0,0.0,2
0.0,0.0,0.0,0.6956907571681706,0.0,0.0,0.0,0.0,0.0,0.7183414023921896,0.0,0.0,0.0,0
0.0,0.0,0.0,0.0,0.0,0.0,0.0,0.0,0.0,0.0,0.0,0.0,0.0,2
0.0,0.0,0.8201540242416191,0.0,0.0,0.0,0.0,0.0,0.0,0.0,0.0,0.0,0.5721427938201071,1
0.0,0.0,0.0,0.0,0.0,0.0,0.0,0.0,0.0,0.0,0.0,0.0,0.0,2
0.0,0.0,0.0,0.0,0.0,0.0,0.0,0.0,0.0,0.0,0.0,0.0,0.0,2
0.0,0.0,0.0,0.0,0.0,0.0,0.0,0.0,0.9380648003886978,0.0,0.0,0.0,0.346459853766223,1
0.5384251207977004,0.0,0.0,0.0,0.0,0.0,0.0,0.0,0.0,0.0,0.8426733585998679,0.0,0.0,2
0.1826166255356276,0.2673314280885274,0.0,0.0,0.2464431410653343,0.2645987608181609,0.265954419537424,0.832890506824268,0.0,0.0,0.0,0.0,0.0,2
0.0,0.0,0.0,0.0,0.0,0.0,0.0,0.0,0.0,0.0,0.0,0.0,0.0,2
0.0,0.0,0.0,0.6472648416731213,0.0,0.6168835169495085,0.0,0.0,0.0,0.0,0.0,0.0,0.447775559013525,1
0.5384251207977004,0.0,0.0,0.0,0.0,0.0,0.0,0.0,0.0,0.0,0.8426733585998679,0.0,0.0,2
0.0,0.0,0.0,0.0,0.0,0.0,0.0,0.0,0.0,0.0,0.0,0.0,0.0,2
0.0,0.0,0.0,0.0,0.6518985504029212,0.0,0.0,0.0,0.0,0.7583061914441749,0.0,0.0,0.0,0
0.0,0.0,0.0,0.0,0.0,0.0,0.0,0.0,0.0,0.0,0.0,0.0,1.0,1
0.0,0.0,0.0,0.8266065137015275,0.3668756649149519,0.0,0.0,0.0,0.0,0.4267597895765467,0.0,0.0,0.0,0
0.0,0.0,0.0,0.0,0.0,0.0,0.0,0.0,0.0,0.0,0.0,0.0,0.0,2
0.0,0.0,0.0,0.0,0.0,0.0,0.0,0.0,0.0,0.0,0.0,0.0,0.0,2
0.0,0.0,0.0,0.0,0.0,0.0,0.0,0.0,0.0,0.0,0.0,0.0,0.0,2
0.4685197999466434,0.0,0.0,0.0,0.0,0.0,0.0,0.0,0.0,0.0,0.7332665920316813,0.0,0.4927568386823275,2
0.0,0.0,0.0,0.0,0.0,0.0,0.0,0.0,0.0,0.0,0.0,0.0,0.0,2
0.2651457474895868,0.0,0.7994850752562732,0.4030983403275751,0.3578170972100324,0.0,0.0,0.0,0.0,0.0,0.0,0.0,0.0,2
0.4876286977805191,0.0,0.0,0.0,0.0,0.7065399921483408,0.0,0.0,0.0,0.0,0.0,0.0,0.5128542605808183,1
0.0,0.0,0.0,0.0,0.0,1.0,0.0,0.0,0.0,0.0,0.0,0.0,0.0,2
0.0,0.0,0.0,0.0,0.0,0.0,0.0,0.0,0.0,0.0,0.0,0.0,0.0,2
0.3642531480572258,0.5332280890103422,0.5491601472852259,0.0,0.0,0.0,0.5304814623098983,0.0,0.0,0.0,0.0,0.0,0.0,2
0.6676361729116617,0.0,0.6710336497288821,0.0,0.0,0.3224527586351302,0.0,0.0,0.0,0.0,0.0,0.0,0.0,2
0.4358569808440285,0.6380485281098127,0.0,0.0,0.0,0.0,0.634761977458031,0.0,0.0,0.0,0.0,0.0,0.0,2
0.3637356446101509,0.0,0.5483799418958365,0.0,0.4908652457695389,0.0,0.0,0.0,0.0,0.5709878550914783,0.0,0.0,0.0,0
0.0,0.0,0.0,0.0,0.0,0.0,0.0,0.0,0.0,0.0,0.0,0.0,1.0,1
0.0,0.0,0.0,0.0,0.0,0.0,0.0,0.0,0.0,0.0,0.0,0.0,0.0,2
0.0,0.0,0.9133697358962076,0.0,0.0,0.0,0.0,0.0,0.287530752760851,0.0,0.0,0.2882391225452757,0.0,2
0.0,0.0,0.0,0.0,0.0,0.0,0.0,0.0,0.0,0.0,0.0,0.0,1.0,1
0.6957225519184569,0.5092321216982246,0.0,0.0,0.0,0.0,0.5066090968219922,0.0,0.0,0.0,0.0,0.0,0.0,2
0.0,0.0,0.0,0.0,0.0,0.4874594499879042,0.0,0.5114666789586344,0.0,0.0,0.0,0.0,0.707661727757348,1
0.0,0.0,0.0,0.0,1.0,0.0,0.0,0.0,0.0,0.0,0.0,0.0,0.0,2
0.3238539827468446,0.4740879832049061,0.0,0.0,0.4370445052336163,0.0,0.4716459837306344,0.0,0.0,0.0,0.5068543661798491,0.0,0.0,2
0.3147857033401635,0.0,0.94916276842944,0.0,0.0,0.0,0.0,0.0,0.0,0.0,0.0,0.0,0.0,2
0.0,0.0,0.0,0.0,0.0,0.0,0.0,0.0,0.0,0.0,0.0,0.0,0.0,2
0.33644439809571,0.492519019840085,0.0,0.0,0.0,0.0,0.4899820831740518,0.0,0.0,0.5281463834321497,0.0,0.0,0.3538490326703391,0
0.0,0.0,0.0,0.0,0.0,0.0,0.0,0.0,0.0,0.0,0.0,1.0,0.0,2
0.3444601755672808,0.0,0.7789794065913093,0.0,0.0,0.0,0.0,0.0,0.0,0.0,0.0,0.4916570624412142,0.1811397375135723,2
0.0,0.0,0.0,0.0,0.0,0.0,0.0,0.4709620035286508,0.8821534964122054,0.0,0.0,0.0,0.0,2
0.3600618444940155,0.5270924638238668,0.0,0.0,0.0,0.0,0.524377441369914,0.0,0.0,0.0,0.5635222282235149,0.0,0.0,2
0.0,0.0,1.0,0.0,0.0,0.0,0.0,0.0,0.0,0.0,0.0,0.0,0.0,2
0.0,0.0,0.0,0.0,0.0,0.0,0.0,0.0,1.0,0.0,0.0,0.0,0.0,2
0.4174940544173128,0.0,0.6294279064912792,0.0,0.0,0.0,0.0,0.0,0.0,0.6553771624463272,0.0,0.0,0.0,0
0.0,0.0,0.0,0.0,0.0,0.0,0.0,0.0,0.8043533858037615,0.0,0.0,0.0,0.5941511850918294,1
0.0,0.0,1.0,0.0,0.0,0.0,0.0,0.0,0.0,0.0,0.0,0.0,0.0,2
0.0,0.0,0.0,0.0,0.0,0.0,0.0,0.0,0.0,0.0,0.0,0.0,0.0,2
0.3261534170991972,0.4774541119317254,0.0,0.0,0.0,0.4725735663329279,0.4749947737252511,0.0,0.0,0.0,0.0,0.4655273449015425,0.0,2
0.0,0.0,0.0,0.0,1.0,0.0,0.0,0.0,0.0,0.0,0.0,0.0,0.0,2
0.0,0.0,0.7210043671813255,0.0,0.0,0.6929305178049646,0.0,0.0,0.0,0.0,0.0,0.0,0.0,2
0.0,0.0,0.0,0.0,0.0,0.0,0.0,0.0,0.0,0.0,0.0,0.0,0.0,2
0.0,0.0,0.0,0.0,0.0,0.0,0.0,0.0,0.0,0.0,0.0,0.805051262775078,0.5932052463559744,1
0.0,0.0,0.0,0.0,0.0,0.0,0.0,0.0,0.0,0.0,0.0,0.0,0.0,2
0.0,0.0,0.7210043671813255,0.0,0.0,0.6929305178049646,0.0,0.0,0.0,0.0,0.0,0.0,0.0,2
0.0,0.0,0.0,0.0,0.0,0.0,0.0,0.0,0.0,0.0,0.0,0.0,0.0,2
0.0,0.0,0.0,0.0,0.0,0.3515798672144377,0.0,0.3688950682510067,0.0,0.0,0.0,0.6926754002565967,0.5104006421125731,1
0.0,0.0,0.0,0.0,0.0,0.7123978743304342,0.0,0.0,0.0,0.0,0.0,0.7017757965685898,0.0,2
0.0,0.0,0.0,0.0,0.0,0.0,0.0,0.0,0.0,0.0,0.0,0.0,0.0,2
0.0,0.0,0.0,0.0,0.0,0.0,0.0,0.0,0.0,0.0,0.0,0.0,0.0,2
0.0,0.0,0.0,0.0,1.0,0.0,0.0,0.0,0.0,0.0,0.0,0.0,0.0,2
0.382266498711188,0.0,0.5763176731734474,0.0,0.0,0.0,0.0,0.0,0.0,0.6000773677442864,0.0,0.0,0.4020415603791742,0
0.5747449945474984,0.0,0.0,0.0,0.0,0.0,0.0,0.0,0.8183325676291983,0.0,0.0,0.0,0.0,2
0.2823768598211309,0.0,0.8514414700676772,0.0,0.0,0.0,0.0,0.0,0.0,0.0,0.4419397380713235,0.0,0.0,2
0.6110353783574919,0.4472455884829975,0.0,0.0,0.0,0.0,0.4449418526140506,0.0,0.0,0.0,0.4781567711226,0.0,0.0,2
0.0,0.0,0.0,0.0,0.0,0.0,0.0,0.0,0.0,0.0,0.0,0.0,1.0,1
0.0,0.0,0.0,0.0,0.0,0.5373764020808582,0.0,0.0,0.528062997290755,0.0,0.0,0.5293639498600429,0.3900639459979735,1
0.0,0.0,0.0,0.0,0.0,0.0,0.0,0.0,0.0,0.0,0.0,1.0,0.0,2
0.0,0.0,0.0,0.0,0.4282496940653192,0.0,0.0,0.0,0.9036604448203764,0.0,0.0,0.0,0.0,2
0.7780846929616776,0.0,0.0,0.0,0.5250169177803634,0.0,0.0,0.0,0.0,0.0,0.0,0.2776451833960206,0.2045839650611187,2
0.0,0.0,0.0,0.6515387320977252,0.0,0.0,0.0,0.0,0.6101948418998289,0.0,0.0,0.0,0.4507322214966791,1
0.3151119591494734,0.0,0.4750732583117564,0.0,0.0,0.0,0.0,0.4790614556453029,0.0,0.0,0.4931724815477911,0.4497675817542086,0.0,2
0.6264227877211099,0.0,0.4722079029413104,0.0,0.4226822146890868,0.4538214768044938,0.0,0.0,0.0,0.0,0.0,0.0,0.0,2
0.0,0.0,0.0,0.0,0.0,0.0,0.0,0.0,0.0,0.0,0.0,0.0,0.0,2
0.0,0.0,0.0,0.0,1.0,0.0,0.0,0.0,0.0,0.0,0.0,0.0,0.0,2
0.7666473993013668,0.0,0.0,0.2913815299705773,0.0,0.0,0.0,0.0,0.0,0.0,0.2999643376009323,0.2735639959307024,0.4031534514729061,2
0.326226279336649,0.4775607745421781,0.0,0.0,0.4402459455264441,0.0,0.4751008869228357,0.4959584417887285,0.0,0.0,0.0,0.0,0.0,2
0.0,0.0,0.0,0.0,0.0,0.8092767746300223,0.0,0.0,0.0,0.0,0.0,0.0,0.5874275291850289,1
0.0,0.0,0.0,0.0,0.0,0.0,0.0,0.0,0.0,0.0,0.0,0.0,0.0,2
0.7724078650353573,0.3769078107776621,0.0,0.0,0.3474576313165327,0.0,0.3749663806879436,0.0,0.0,0.0,0.0,0.0,0.0,2
0.0,0.0,0.0,0.0,0.0,0.0,0.0,0.0,0.0,0.0,0.0,0.0,0.0,2
0.0,0.0,0.0,0.8223888850579308,0.0,0.0,0.0,0.0,0.0,0.0,0.0,0.0,0.5689257611790605,1
0.4430621544761897,0.0,0.6679752235673978,0.0,0.5979172417408632,0.0,0.0,0.0,0.0,0.0,0.0,0.0,0.0,2
0.0,0.0,0.0,0.0,0.6870218269763154,0.0,0.0,0.0,0.0,0.0,0.0,0.7266367794559575,0.0,2
0.0,0.0,0.0,0.0,0.0,0.0,0.0,0.0,0.0,0.0,0.0,0.0,0.0,2
0.3523666725743028,0.0,0.0,0.0,0.4755226931898904,0.5105547462796005,0.0,0.0,0.5017061943126779,0.0,0.0,0.0,0.370594983722135,1
0.0,0.0,0.0,0.0,0.0,0.0,0.0,0.0,0.0,0.0,0.0,0.0,1.0,1
0.4358569808440285,0.6380485281098127,0.0,0.0,0.0,0.0,0.634761977458031,0.0,0.0,0.0,0.0,0.0,0.0,2
0.0,0.0,0.0,0.0,0.0,0.0,0.0,0.4358257112517775,0.0,0.900031082469868,0.0,0.0,0.0,0
0.0,0.0,0.0,0.7238916798801144,0.0,0.6899136437267682,0.0,0.0,0.0,0.0,0.0,0.0,0.0,2
1.0,0.0,0.0,0.0,0.0,0.0,0.0,0.0,0.0,0.0,0.0,0.0,0.0,2
0.0,0.0,0.0,0.0,0.0,1.0,0.0,0.0,0.0,0.0,0.0,0.0,0.0,2
0.0,0.0,0.0,0.0,0.0,0.0,0.0,0.0,0.0,0.0,0.0,0.0,1.0,1
0.0,0.0,0.0,0.0,0.0,0.8092767746300223,0.0,0.0,0.0,0.0,0.0,0.0,0.5874275291850289,1
0.0,0.0,0.0,0.0,0.0,0.0,0.0,0.0,0.0,0.0,0.0,0.0,0.0,2
0.0,0.0,0.0,0.0,0.0,1.0,0.0,0.0,0.0,0.0,0.0,0.0,0.0,2
0.0,0.0,0.0,0.0,0.0,0.0,0.0,1.0,0.0,0.0,0.0,0.0,0.0,2
0.2706182986540636,0.3961565713630182,0.0,0.0,0.7304047301766933,0.0,0.3941159920332956,0.0,0.0,0.0,0.0,0.0,0.2846176775230259,2
0.0,0.0,0.0,0.0,0.6638532161445547,0.0,0.0,0.747862893460112,0.0,0.0,0.0,0.0,0.0,2
0.0,0.0,0.0,0.0,0.0,0.0,0.0,0.0,0.0,0.0,0.0,0.0,0.0,2
0.0,0.0,0.0,0.0,0.0,0.0,0.0,0.0,0.0,0.0,0.0,0.0,0.0,2
0.0,0.0,0.0,0.0,1.0,0.0,0.0,0.0,0.0,0.0,0.0,0.0,0.0,2
0.0,0.0,0.0,0.0,0.0,0.0,0.0,0.0,0.0,1.0,0.0,0.0,0.0,0
0.0,0.0,0.0,0.5716887793945661,0.0,0.0,0.0,0.1905629264648553,0.0,0.7870694755119961,0.0,0.0,0.1318307676104962,0
0.0,0.0,0.0,0.0,0.0,0.0,0.0,0.0,0.0,0.0,0.0,0.0,0.0,2
0.0,0.0,0.0,0.0,1.0,0.0,0.0,0.0,0.0,0.0,0.0,0.0,0.0,2
0.3262057522236853,0.0,0.0,0.0,0.0,0.9452987925604156,0.0,0.0,0.0,0.0,0.0,0.0,0.0,2
0.0,0.0,0.0,0.0,1.0,0.0,0.0,0.0,0.0,0.0,0.0,0.0,0.0,2
0.0,0.0,0.0,0.0,0.0,0.0,0.0,0.0,0.0,0.0,0.0,0.0,0.0,2
0.0,0.0,0.0,0.0,0.0,0.0,0.0,0.0,0.0,0.0,0.0,0.0,0.0,2
0.0,0.0,0.0,0.0,0.0,0.0,0.0,0.0,0.0,0.0,0.0,0.0,0.0,2
0.0,0.0,0.0,0.0,0.0,0.0,0.0,0.0,0.0,1.0,0.0,0.0,0.0,0
0.5384251207977004,0.0,0.0,0.0,0.0,0.0,0.0,0.0,0.0,0.0,0.8426733585998679,0.0,0.0,2
0.0,0.0,0.0,0.0,0.0,0.0,0.0,0.0,0.0,0.0,0.0,0.0,0.0,2
0.6942010551207972,0.0,0.5233002867772107,0.0,0.0,0.0,0.0,0.0,0.4942081595118201,0.0,0.0,0.0,0.0,2
0.4755811171890379,0.0,0.0,0.4820140390586857,0.2139339796466331,0.0,0.0,0.0,0.2257137341704474,0.0,0.0,0.0,0.6669112607258517,1
0.0,0.0,0.0,0.0,0.0,0.0,0.0,0.0,0.0,0.0,0.0,0.0,0.0,2
1.0,0.0,0.0,0.0,0.0,0.0,0.0,0.0,0.0,0.0,0.0,0.0,0.0,2
0.0,0.0,0.0,0.0,0.0,0.0,0.0,0.0,0.0,0.0,0.0,0.0,0.0,2
0.0,0.0,0.0,0.0,1.0,0.0,0.0,0.0,0.0,0.0,0.0,0.0,0.0,2
0.3186557498202113,0.4664783199130906,0.4804159948593199,0.0,0.0,0.0,0.4640755173693809,0.4844490439863109,0.0,0.0,0.0,0.0,0.0,2
0.0,0.0,0.8620245210666898,0.0,0.0,0.0,0.0,0.0,0.0,0.0,0.0,0.4080535764429074,0.3006759116256178,2
0.0,0.0,0.0,0.0,0.0,0.0,0.0,0.0,0.0,0.0,0.0,0.0,1.0,1
0.0,0.0,0.0,0.0,0.0,0.0,0.0,0.0,0.0,0.0,0.0,0.0,0.0,2
0.0,0.0,0.0,0.0,0.788753788833772,0.0,0.0,0.0,0.0,0.0,0.0,0.0,0.6147092488326243,1
0.0,0.0,0.0,0.6472648416731213,0.0,0.6168835169495085,0.0,0.0,0.0,0.0,0.0,0.0,0.447775559013525,1
0.0,0.0,0.0,0.0,0.0,0.0,0.0,0.0,0.8043533858037615,0.0,0.0,0.0,0.5941511850918294,1
0.0,0.0,0.0,0.5092540665950518,0.0,0.4853506932493726,0.0,0.0,0.0,0.5258346134436066,0.0,0.4781139608120314,0.0,0
0.0,0.0,0.0,0.0,0.0,0.0,0.0,0.0,0.0,0.0,0.0,0.0,1.0,1
0.0,0.0,0.0,0.0,0.0,0.0,0.0,1.0,0.0,0.0,0.0,0.0,0.0,2
0.4358569808440285,0.6380485281098127,0.0,0.0,0.0,0.0,0.634761977458031,0.0,0.0,0.0,0.0,0.0,0.0,2
0.0,0.0,0.0,0.0,0.0,0.0,0.0,0.0,0.0,0.0,0.0,0.0,0.0,2
0.5152602656797892,0.0,0.0,0.7833448580593416,0.3476746927281061,0.0,0.0,0.0,0.0,0.0,0.0,0.0,0.0,2
1.0,0.0,0.0,0.0,0.0,0.0,0.0,0.0,0.0,0.0,0.0,0.0,0.0,2
0.4358569808440285,0.6380485281098127,0.0,0.0,0.0,0.0,0.634761977458031,0.0,0.0,0.0,0.0,0.0,0.0,2
0.0,0.0,0.0,0.0,0.0,0.0,0.0,0.0,0.0,0.0,0.0,1.0,0.0,2
0.0,0.0,0.0,0.0,0.0,0.0,0.0,0.0,0.0,0.0,0.0,0.0,1.0,1
0.0,0.0,0.905338633044911,0.0,0.0,0.0,0.0,0.0,0.0,0.3142209289096352,0.0,0.2857046855610491,0.0,2
0.0,0.0,0.0,0.0,0.0,0.0,0.0,0.0,0.0,0.0,0.0,0.0,0.0,2
0.0,0.0,0.0,0.0,0.0,0.0,0.0,0.0,0.0,0.0,0.0,0.0,1.0,1
0.0,0.0,0.8201540242416191,0.0,0.0,0.0,0.0,0.0,0.0,0.0,0.0,0.0,0.5721427938201071,1
0.0,0.0,0.0,0.0,0.788753788833772,0.0,0.0,0.0,0.0,0.0,0.0,0.0,0.6147092488326243,1
0.0,0.0,0.0,0.0,0.0,0.0,0.0,0.0,0.0,0.0,0.0,0.0,0.0,2
1.0,0.0,0.0,0.0,0.0,0.0,0.0,0.0,0.0,0.0,0.0,0.0,0.0,2
0.0,0.0,0.0,0.0,0.0,0.0,0.0,0.0,0.0,0.0,0.0,1.0,0.0,2
0.0,0.0,0.0,0.0,0.0,0.0,0.0,0.0,0.0,0.0,0.0,0.0,0.0,2
0.0,0.0,0.0,0.0,0.0,0.0,0.0,0.0,0.0,0.0,0.0,0.0,0.0,2
0.0,0.0,0.0,0.0,0.0,1.0,0.0,0.0,0.0,0.0,0.0,0.0,0.0,2
0.0,0.0,0.0,0.0,0.0,0.0,0.0,0.0,0.0,0.0,0.0,0.0,0.0,2
0.0,0.0,0.0,0.0,0.0,0.0,0.0,0.0,0.0,0.0,0.0,0.0,0.0,2
0.3660815205098786,0.0,0.0,0.0,0.0,0.0,0.0,0.0,0.0,0.0,0.0,0.5225177763771551,0.7700386313108251,1
0.5384251207977004,0.0,0.0,0.0,0.0,0.0,0.0,0.0,0.0,0.0,0.8426733585998679,0.0,0.0,2
0.0,0.0,0.0,0.0,0.0,0.0,0.0,0.0,0.0,0.0,0.0,0.0,1.0,1
0.0,0.0,0.0,0.0,0.0,0.0,0.0,0.0,0.0,0.0,0.0,0.0,1.0,1
0.3793806326821821,0.0,0.0,0.0,0.5119783289353914,0.5496960914247695,0.0,0.0,0.5401691710182308,0.0,0.0,0.0,0.0,2
0.3703395864121963,0.5421379911215802,0.0,0.0,0.0,0.0,0.5393454700364604,0.0,0.5272963618970364,0.0,0.0,0.0,0.0,2
0.2822936507227089,0.4132480521238339,0.0,0.0,0.7619167617718586,0.0,0.4111194355763142,0.0,0.0,0.0,0.0,0.0,0.0,2
0.0,0.0,0.0,0.0,0.0,0.0,0.0,0.0,0.0,0.0,0.0,0.0,0.0,2
0.0,0.0,0.0,0.0,0.0,0.0,0.0,0.0,0.0,0.0,0.0,0.0,0.0,2
0.3600618444940155,0.5270924638238668,0.0,0.0,0.0,0.0,0.524377441369914,0.0,0.0,0.0,0.5635222282235149,0.0,0.0,2
0.3238539827468446,0.4740879832049061,0.0,0.0,0.4370445052336163,0.0,0.4716459837306344,0.0,0.0,0.0,0.5068543661798491,0.0,0.0,2
0.5384251207977004,0.0,0.0,0.0,0.0,0.0,0.0,0.0,0.0,0.0,0.8426733585998679,0.0,0.0,2
0.6220462960406234,0.0,0.4689088308143195,0.0,0.0,0.0,0.0,0.0,0.4428405183623459,0.0,0.0,0.4439315141584991,0.0,2
0.0,0.0,0.0,0.0,0.3949026076153708,0.0,0.0,0.0,0.0,0.9187229889899242,0.0,0.0,0.0,0
0.0,0.0,0.0,0.0,0.0,0.0,0.0,0.0,0.0,1.0,0.0,0.0,0.0,0
0.0,0.0,0.0,0.0,0.0,0.0,0.0,0.0,0.0,0.0,0.0,0.0,0.0,2
0.0,0.0,0.0,0.0,0.0,0.0,0.0,0.0,0.0,0.0,0.0,0.0,0.0,2
0.0,0.0,0.0,0.0,1.0,0.0,0.0,0.0,0.0,0.0,0.0,0.0,0.0,2
0.0,0.0,0.0,0.0,0.0,0.0,0.0,0.0,0.0,1.0,0.0,0.0,0.0,0
0.0,0.0,1.0,0.0,0.0,0.0,0.0,0.0,0.0,0.0,0.0,0.0,0.0,2
0.5221848228332742,0.382211679809348,0.3936315935040026,0.0,0.3523470756789627,0.0,0.3802429298004461,0.3969360953763899,0.0,0.0,0.0,0.0,0.0,2
0.0,0.0,0.0,0.0,0.0,0.0,0.0,0.0,0.0,0.0,0.0,0.0,1.0,1
0.4998867710343248,0.0,0.3768229516633001,0.0,0.0,0.3621505429122852,0.0,0.0,0.3558740213009209,0.392358130707007,0.0,0.3567507637061444,0.2628732286469456,2
0.0,0.0,0.0,0.0,0.0,0.0,0.0,0.0,0.0,0.0,0.0,0.0,0.0,2
1.0,0.0,0.0,0.0,0.0,0.0,0.0,0.0,0.0,0.0,0.0,0.0,0.0,2
0.3592184077873921,0.0,0.5415696055895084,0.0,0.0,0.0,0.0,0.0,0.5114618218045837,0.0,0.5622021901813008,0.0,0.0,2
0.0,0.0,0.0,0.0,0.788753788833772,0.0,0.0,0.0,0.0,0.0,0.0,0.0,0.6147092488326243,1
0.0,0.0,0.0,0.0,0.0,0.85338327212803,0.0,0.0,0.4192965366293777,0.0,0.0,0.0,0.3097214962230838,1
0.0,0.0,0.0,0.0,0.0,0.0,0.0,0.0,0.0,0.0,0.0,0.0,1.0,1
0.0,0.0,0.0,0.0,0.0,0.0,0.0,0.0,0.0,0.0,0.0,0.0,0.0,2
0.0,0.0,0.0,1.0,0.0,0.0,0.0,0.0,0.0,0.0,0.0,0.0,0.0,2
0.7164297056216727,0.3495924422126242,0.0,0.0,0.3222765844165924,0.0,0.3477917119888345,0.0,0.0,0.0,0.3737543704885695,0.0,0.0,2
0.0,0.0,0.0,0.0,0.0,0.0,0.0,0.0,0.8043533858037615,0.0,0.0,0.0,0.5941511850918294,1
0.0,0.0,0.0,0.0,0.0,0.8092767746300223,0.0,0.0,0.0,0.0,0.0,0.0,0.5874275291850289,1
0.6717010599126527,0.3277664397903616,0.3375596110934396,0.0,0.0,0.3244160046067997,0.3260781340285468,0.3403933937097459,0.0,0.0,0.0,0.0,0.0,2
0.0,0.0,1.0,0.0,0.0,0.0,0.0,0.0,0.0,0.0,0.0,0.0,0.0,2
0.2805043830149768,0.0,0.0,0.0,0.7570874889407907,0.0,0.0,0.0,0.0,0.0,0.0,0.0,0.5900303595567904,1
0.0,0.0,0.0,0.0,0.0,0.0,0.0,0.0,0.0,0.0,0.0,0.0,1.0,1
0.2825060435195549,0.4135589727178928,0.0,0.4294910190091382,0.3812450072970836,0.0,0.4114287546365774,0.0,0.4022373368316786,0.0,0.0,0.0,0.2971203883575491,2
0.0,0.0,0.0,0.0,0.0,0.0,0.0,0.0,0.0,0.0,0.0,0.805051262775078,0.5932052463559744,1
0.3147857033401635,0.0,0.94916276842944,0.0,0.0,0.0,0.0,0.0,0.0,0.0,0.0,0.0,0.0,2
0.5384251207977004,0.0,0.0,0.0,0.0,0.0,0.0,0.0,0.0,0.0,0.8426733585998679,0.0,0.0,2
0.0,0.0,0.0,0.0,0.0,0.0,0.0,0.0,0.0,0.0,0.0,0.0,0.0,2
0.8935159543651534,0.0,0.4490314457751583,0.0,0.0,0.0,0.0,0.0,0.0,0.0,0.0,0.0,0.0,2
0.0,0.0,0.0,0.0,0.0,0.0,0.0,0.0,0.0,0.0,0.0,0.0,0.0,2
0.0,0.0,0.0,0.0,0.0,0.0,0.0,0.0,0.0,0.525425811112401,0.0,0.477742258195344,0.704052591608957,1
0.0,0.0,0.0,0.0,0.0,0.0,0.0,0.0,0.0,0.0,0.0,0.0,1.0,1
0.4343633461500423,0.0,0.6548606111417488,0.0,0.0,0.0,0.0,0.0,0.6184545767446415,0.0,0.0,0.0,0.0,2
0.0,0.0,0.0,0.0,0.0,0.0,0.0,0.0,0.0,0.0,0.0,0.0,0.0,2
0.0,0.0,0.0,0.0,0.6815556528286221,0.7317662824272178,0.0,0.0,0.0,0.0,0.0,0.0,0.0,2
0.0,0.0,0.0,0.0,0.0,0.0,0.0,0.0,0.0,0.0,0.0,0.0,0.0,2
0.6079647574778255,0.2966653709053704,0.3055292887574411,0.0,0.0,0.0,0.5902745298608486,0.0,0.0,0.0,0.3171692678672292,0.0,0.0,2
0.0,0.0,0.0,0.0,0.0,0.0,0.0,0.0,0.0,0.0,0.0,0.0,0.0,2
0.6615653114904,0.0,0.0,0.3352569691763568,0.0,0.0,0.0,0.3352569691763568,0.3139829809407229,0.3461724321021606,0.3451321526633371,0.0,0.0,2
0.0,0.0,0.0,0.0,0.0,0.0,0.0,0.0,0.0,0.0,0.0,0.805051262775078,0.5932052463559744,1
0.0,0.0,0.0,0.0,0.0,0.0,0.0,0.0,0.0,0.0,0.0,0.0,0.0,2
0.0,0.0,0.831300353278584,0.0,0.0,0.0,0.0,0.0,0.3925427025135984,0.0,0.0,0.3935097830324198,0.0,2
0.0,0.0,0.0,0.0,0.0,0.0,0.0,1.0,0.0,0.0,0.0,0.0,0.0,2
1.0,0.0,0.0,0.0,0.0,0.0,0.0,0.0,0.0,0.0,0.0,0.0,0.0,2
0.3679851053080489,0.0,0.0,0.0,0.4965999396351824,0.5331847666030499,0.0,0.0,0.0,0.5776586075600435,0.0,0.0,0.0,0
0.6287265465844158,0.3067963921367949,0.0,0.0,0.0,0.607320626409823,0.3052161018640024,0.0,0.0,0.0,0.0,0.0,0.220417084845988,2
0.0,0.0,0.3168838290966992,0.0,0.0,0.0,0.0,0.0,0.2992671280985011,0.0,0.0,0.9000132359563883,0.0,2
0.0,0.0,0.0,0.0,0.0,0.0,0.0,0.0,1.0,0.0,0.0,0.0,0.0,2
0.3192299067902042,0.4673188250001,0.0,0.0,0.0,0.4625418825095187,0.4649116930638445,0.0,0.0,0.0,0.4996173605753742,0.0,0.0,2
0.0,0.0,0.6057959107957565,0.0,0.542259364211801,0.5822079494371003,0.0,0.0,0.0,0.0,0.0,0.0,0.0,2
0.6212692733567967,0.4547362585056414,0.0,0.0,0.0,0.4500879352645155,0.4523939386335026,0.0,0.0,0.0,0.0,0.0,0.0,2
0.0,0.0,0.0,0.0,0.0,0.0,0.0,0.0,0.0,0.0,0.0,0.0,0.0,2
0.0,0.0,0.0,0.0,0.788753788833772,0.0,0.0,0.0,0.0,0.0,0.0,0.0,0.6147092488326243,1
0.1735377463342282,0.2540409090285317,0.0,0.2638276426977672,0.0,0.7543322931392372,0.2527323591638054,0.2638276426977672,0.0,0.0,0.0,0.0,0.3650300853259493,1
0.3600618444940155,0.5270924638238668,0.0,0.0,0.0,0.0,0.524377441369914,0.0,0.0,0.0,0.5635222282235149,0.0,0.0,2
0.0,0.0,0.0,0.0,0.0,0.0,0.0,0.0,0.0,0.8307765565794711,0.0,0.0,0.556606066296404,0
0.794920328633057,0.0,0.0,0.0,0.0,0.3839280483335781,0.0,0.0,0.0,0.0,0.0,0.3782035596295862,0.2786808072189268,2
0.0,0.0,0.0,0.0,0.0,0.4299935912199454,0.0,0.0,0.0,0.0,0.0,0.8471645013859199,0.3121182774227107,1
0.0,0.0,0.0,0.0,0.0,0.0,0.0,0.0,0.0,0.0,0.0,0.0,0.0,2
0.0,0.0,0.0,0.0,0.0,1.0,0.0,0.0,0.0,0.0,0.0,0.0,0.0,2
0.0,0.0,0.0,0.0,0.0,0.8092767746300223,0.0,0.0,0.0,0.0,0.0,0.0,0.5874275291850289,1
0.4358569808440285,0.6380485281098127,0.0,0.0,0.0,0.0,0.634761977458031,0.0,0.0,0.0,0.0,0.0,0.0,2
0.2726011600541685,0.3990592707653146,0.0,0.4144327270175154,0.0,0.0,0.3970037398007363,0.4144327270175154,0.0,0.4279260335939994,0.0,0.0,0.2867031144995895,0
0.7913917054328995,0.3861712557117225,0.0,0.0,0.0,0.0,0.3841821101589248,0.0,0.0,0.0,0.0,0.0,0.2774437529804444,2
0.0,0.0,0.0,0.0,0.0,0.0,0.0,0.0,0.0,0.0,0.0,0.0,0.0,2
0.0,0.0,0.0,0.0,0.0,0.0,0.0,0.0,0.0,0.0,0.0,0.0,1.0,1
0.0,0.0,0.0,0.0,0.0,0.0,0.0,0.0,0.0,0.0,0.0,0.805051262775078,0.5932052463559744,1
0.0,0.0,0.0,0.0,0.0,0.0,0.0,0.0,0.0,0.0,0.0,0.0,0.0,2
0.4328014981987332,0.0,0.0,0.0,0.0,0.0,0.0,0.6579836458514162,0.6162307887058305,0.0,0.0,0.0,0.0,2
0.5060702780505861,0.4938889134458979,0.2543227879779126,0.2564578049403028,0.0,0.0,0.4913449205380198,0.0,0.0,0.2648076855370767,0.0,0.2407758031683413,0.0,2
0.0,0.0,0.0,0.0,1.0,0.0,0.0,0.0,0.0,0.0,0.0,0.0,0.0,2
0.0,0.0,0.0,0.0,0.0,0.0,0.0,0.0,0.8043533858037615,0.0,0.0,0.0,0.5941511850918294,1
0.0,0.0,0.0,0.0,0.0,0.0,0.0,0.0,0.0,0.0,0.0,0.0,1.0,1
0.8441962402719815,0.0,0.2121230496419126,0.0,0.1898753490798532,0.0,0.0,0.213903803591255,0.4006607471942608,0.0,0.0,0.0,0.0,2
0.0,0.0,0.0,0.7298851847180353,0.0,0.0,0.0,0.0,0.6835697602506415,0.0,0.0,0.0,0.0,2
0.7875330426451617,0.0,0.0,0.0,0.0,0.0,0.0,0.0,0.0,0.0,0.6162724289971554,0.0,0.0,2
0.0,0.0,0.0,0.0,0.0,0.0,0.0,0.0,0.0,0.0,0.0,0.0,0.0,2
0.0,0.0,0.0,0.0,0.2774363425859256,0.0,0.0,0.0,0.2927127003531454,0.6454430560844269,0.0,0.0,0.6486536920552523,0
0.0,0.0,0.0,0.0,0.6870218269763154,0.0,0.0,0.0,0.0,0.0,0.0,0.7266367794559575,0.0,2
0.0,0.0,0.0,0.0,0.0,0.0,0.0,0.0,0.0,0.0,0.0,0.0,0.0,2
0.7875330426451617,0.0,0.0,0.0,0.0,0.0,0.0,0.0,0.0,0.0,0.6162724289971554,0.0,0.0,2
0.4263435031650411,0.0,0.0,0.0,0.0,0.0,0.0,0.0,0.0,0.6692689210190209,0.0,0.6085312881578039,0.0,0
0.3158382672131459,0.4623538233249394,0.0,0.0,0.0,0.0,0.4599722658219326,0.480165654290029,0.0,0.0,0.4943092049876006,0.0,0.0,2
0.0,0.0,0.0,0.0,0.0,0.0,0.0,0.0,0.0,0.0,0.0,0.0,0.0,2
0.807552354082387,0.2955428119426326,0.0,0.0,0.2724501919404121,0.0,0.2940204882032503,0.0,0.0,0.0,0.3159691237342529,0.0,0.0,2
0.3756868602589404,0.5499658345593708,0.0,0.0,0.5069935424971677,0.0,0.5471329927105173,0.0,0.0,0.0,0.0,0.0,0.0,2
0.0,0.0,0.0,0.0,0.0,0.0,0.0,1.0,0.0,0.0,0.0,0.0,0.0,2
0.3546960796097725,0.0,0.2673757966937231,0.0,0.2393331267791345,0.0,0.0,0.2696203924918916,0.7575342707862973,0.0,0.0,0.2531335186617151,0.1865224467583132,2
0.2479555003078592,0.0,0.0,0.7539283703059729,0.0,0.0,0.0,0.0,0.0,0.3892375723326837,0.3880678782560747,0.0,0.2607825079740709,0
0.0,0.0,0.0,0.0,1.0,0.0,0.0,0.0,0.0,0.0,0.0,0.0,0.0,2
0.0,0.0,0.0,0.4123424844689337,0.0,0.0,0.0,0.8246849689378674,0.0,0.0,0.0,0.3871283734240308,0.0,2
0.0,0.0,0.0,0.0,0.0,0.0,0.0,0.0,0.0,0.0,0.0,0.0,0.0,2
0.0,0.0,0.0,0.0,0.0,0.0,0.0,0.0,0.0,0.0,0.0,0.0,0.0,2
0.0,0.0,0.0,0.0,0.0,0.0,0.0,0.0,0.0,0.0,0.0,0.0,1.0,1
0.2976959012709578,0.4357953181395307,0.0,0.0,0.0,0.0,0.4335505619434496,0.0,0.0,0.4673194575648827,0.4659151203676232,0.0,0.3130960339684026,0
0.0,0.0,0.0,0.0,0.0,0.0,0.0,0.0,0.0,0.0,0.0,0.0,1.0,1
0.5527513199484219,0.0,0.833346253543674,0.0,0.0,0.0,0.0,0.0,0.0,0.0,0.0,0.0,0.0,2
0.0,0.0,0.0,0.0,0.0,0.5271773616935371,0.0,0.5531406856801298,0.0,0.0,0.0,0.5193169803926303,0.3826607963184076,1
0.0,0.0,0.8299004073883278,0.5579115645124124,0.0,0.0,0.0,0.0,0.0,0.0,0.0,0.0,0.0,2
0.3192299067902042,0.4673188250001,0.0,0.0,0.0,0.4625418825095187,0.4649116930638445,0.0,0.0,0.0,0.4996173605753742,0.0,0.0,2
0.0,0.0,0.0,0.0,0.0,0.8092767746300223,0.0,0.0,0.0,0.0,0.0,0.0,0.5874275291850289,1
0.7139015919525867,0.0,0.0,0.0,0.4817090180488899,0.0,0.0,0.0,0.508233154111316,0.0,0.0,0.0,0.0,2
0.2988342352740786,0.0,0.9010648420323264,0.0,0.0,0.0,0.0,0.0,0.0,0.0,0.0,0.0,0.3142932552273682,2
0.0,0.0,0.0,0.0,0.0,0.0,0.0,0.0,0.0,0.0,0.0,0.0,0.0,2
0.0,0.0,0.0,0.8223888850579308,0.0,0.0,0.0,0.0,0.0,0.0,0.0,0.0,0.5689257611790605,1
0.5384251207977004,0.0,0.0,0.0,0.0,0.0,0.0,0.0,0.0,0.0,0.8426733585998679,0.0,0.0,2
0.0,0.0,0.0,0.0,0.0,0.8092767746300223,0.0,0.0,0.0,0.0,0.0,0.0,0.5874275291850289,1
0.0,0.0,0.0,0.0,0.0,0.0,0.0,0.0,0.0,0.0,0.0,0.0,0.0,2
0.0,0.0,0.0,0.0,0.0,0.0,0.0,0.0,0.0,0.0,0.0,0.0,0.0,2
0.0,0.0,0.0,0.6515387320977252,0.0,0.0,0.0,0.0,0.6101948418998289,0.0,0.0,0.0,0.4507322214966791,1
0.7483031156136554,0.0,0.0,0.0,0.0,0.0,0.0,0.0,0.0,0.0,0.0,0.5340363527254217,0.3935068247573672,2
0.3238539827468446,0.4740879832049061,0.0,0.0,0.4370445052336163,0.0,0.4716459837306344,0.0,0.0,0.0,0.5068543661798491,0.0,0.0,2
0.0,0.0,0.0,0.0,0.0,0.0,0.0,0.0,0.0,1.0,0.0,0.0,0.0,0
0.0,0.0,0.0,0.4358257112517775,0.0,0.0,0.0,0.0,0.0,0.900031082469868,0.0,0.0,0.0,0
0.0,0.0,0.0,0.0,0.0,0.0,0.0,0.0,0.0,0.0,0.0,0.0,0.0,2
0.2665613405620752,0.0,0.0,0.0,0.3597274556028191,0.0,0.0,0.0,0.7590699469234504,0.0,0.0,0.3804700077311076,0.2803508485772641,2
0.563380445620599,0.4123646974725269,0.0,0.0,0.0,0.0,0.4102406310331528,0.428250735214209,0.4010757561966777,0.0,0.0,0.0,0.0,2
0.8139730843904245,0.0,0.0,0.0,0.0,0.0,0.0,0.0,0.0,0.0,0.0,0.580902588983677,0.0,2
0.0,0.0,0.0,0.0,0.0,0.0,0.0,0.0,0.0,0.0,0.0,0.0,1.0,1
0.0,0.0,0.0,0.0,0.0,0.0,0.0,0.0,0.0,1.0,0.0,0.0,0.0,0
0.0,0.0,0.0,0.0,0.5103648477260391,0.0,0.0,0.0,0.5384668473883973,0.0,0.0,0.5397934312092298,0.397748951089181,1
0.0,0.0,0.0,0.0,0.0,0.0,0.0,0.0,0.0,1.0,0.0,0.0,0.0,0
0.5680168983532949,0.0,0.0,0.0,0.0,0.8230168911906379,0.0,0.0,0.0,0.0,0.0,0.0,0.0,2
0.0,0.0,0.0,0.0,0.0,0.0,0.0,0.0,0.0,0.0,0.0,0.0,1.0,1
0.0,0.0,0.0,0.0,0.0,0.0,0.0,0.0,0.0,0.0,0.0,0.0,0.0,2
0.0,0.0,0.0,0.0,0.0,0.0,0.0,1.0,0.0,0.0,0.0,0.0,0.0,2
0.0,0.0,0.0,0.0,1.0,0.0,0.0,0.0,0.0,0.0,0.0,0.0,0.0,2
0.0,0.0,0.0,0.0,0.0,0.0,0.0,0.6509411606086924,0.0,0.0,0.0,0.6111371061503601,0.4503188236256306,1
0.0,0.0,0.0,0.0,0.0,0.0,0.0,1.0,0.0,0.0,0.0,0.0,0.0,2
0.0,0.0,0.0,0.0,0.0,0.0,0.0,0.0,0.0,0.0,0.0,1.0,0.0,2
0.0,0.0,0.0,0.0,0.0,0.0,0.0,0.0,0.0,0.0,0.0,0.0,0.0,2
0.0,0.0,0.0,0.0,0.0,0.0,0.0,0.0,0.0,0.0,0.0,0.0,1.0,1
0.0,0.0,0.0,0.0,0.0,0.0,0.0,0.0,0.0,0.0,0.0,0.0,1.0,1
0.0,0.0,0.0,0.0,0.0,0.0,0.0,0.0,0.0,0.0,0.0,0.0,0.0,2
0.0,0.0,0.7579093461976969,0.3821359635426815,0.0,0.0,0.0,0.0,0.0,0.0,0.0,0.0,0.5287206524370746,1
0.0,0.0,0.0,0.8223888850579308,0.0,0.0,0.0,0.0,0.0,0.0,0.0,0.0,0.5689257611790605,1
0.0,0.0,0.0,0.0,0.0,0.0,0.0,0.0,1.0,0.0,0.0,0.0,0.0,2
0.0,0.0,0.0,0.0,0.0,0.0,0.0,0.0,0.0,0.0,0.0,0.0,0.0,2
0.0,0.0,0.0,0.0,0.0,0.5672729957956336,0.0,0.0,0.0,0.0,0.0,0.0,0.8235298101714638,1
0.5493348958503339,0.0,0.0,0.0,0.0,0.0,0.0,0.0,0.0,0.0,0.0,0.7840801356657033,0.2888762936891067,2
0.0,0.0,0.0,0.0,0.0,0.0,0.0,0.5857747706561556,0.0,0.0,0.0,0.0,0.8104738848739842,1
0.0,0.0,0.0,0.0,0.5896154445294026,0.0,0.0,0.6642304377697127,0.0,0.0,0.0,0.0,0.4595122991962791,1
0.5527513199484219,0.0,0.833346253543674,0.0,0.0,0.0,0.0,0.0,0.0,0.0,0.0,0.0,0.0,2
0.0,0.0,0.0,0.0,0.0,0.0,0.0,0.0,0.0,0.0,0.0,0.0,0.0,2
0.0,0.0,0.0,0.0,0.0,0.0,0.0,0.0,0.0,0.0,0.0,0.0,0.0,2
1.0,0.0,0.0,0.0,0.0,0.0,0.0,0.0,0.0,0.0,0.0,0.0,0.0,2
0.0,0.0,0.0,0.0,1.0,0.0,0.0,0.0,0.0,0.0,0.0,0.0,0.0,2
0.2970874689748661,0.0,0.4478989381121314,0.0,0.0,0.0,0.0,0.0,0.0,0.4663643478392848,0.464962880833055,0.4240407531690067,0.312456126808004,0
0.0,0.0,0.0,0.0,0.0,0.0,0.0,0.0,0.0,0.0,0.0,0.0,0.0,2
0.2870299995418042,0.4201815659264265,0.0,0.0,0.0,0.0,0.4180172352548188,0.0,0.0,0.0,0.4492222305201248,0.0,0.6037567470886676,1
0.0,0.0,0.0,0.0,0.0,0.0,0.0,0.6515387320977252,0.6101948418998289,0.0,0.0,0.0,0.4507322214966791,1
0.0,0.0,0.0,0.0,0.0,0.0,0.0,0.0,0.0,0.0,0.0,0.0,0.0,2
0.4269176752768379,0.0,0.0,0.0,0.0,0.0,0.0,0.0,0.0,0.0,0.6681563273611606,0.6093508191046157,0.0,2
0.0,0.0,0.0,0.0,0.0,0.0,0.0,0.0,0.0,0.0,0.0,0.0,0.0,2
0.0,0.0,0.0,0.0,0.0,0.0,0.0,0.0,1.0,0.0,0.0,0.0,0.0,2
0.0,0.0,0.0,0.0,0.0,0.0,0.0,0.0,0.0,0.0,0.0,0.0,1.0,1
0.0,0.0,0.0,0.8223888850579308,0.0,0.0,0.0,0.0,0.0,0.0,0.0,0.0,0.5689257611790605,1
0.4358569808440285,0.6380485281098127,0.0,0.0,0.0,0.0,0.634761977458031,0.0,0.0,0.0,0.0,0.0,0.0,2
0.0,0.0,0.0,0.0,0.0,0.0,0.0,0.0,0.8043533858037615,0.0,0.0,0.0,0.5941511850918294,1
0.3589868415220904,0.0,0.5412204885948094,0.0,0.0,0.0,0.0,0.0,0.0,0.0,0.5618397726138754,0.5123913545800495,0.0,2
0.2762372807019511,0.404382166874159,0.0,0.0,0.3727852430514538,0.0,0.4022992179830357,0.0,0.0,0.4336339722035257,0.4323308629336184,0.0,0.2905273356225237,0
0.6890592373338897,0.0,0.0,0.0,0.0,0.0,0.0,0.0,0.0,0.0,0.0,0.0,0.7247050209877383,1
0.8146481248049566,0.0,0.0,0.0,0.0,0.0,0.0,0.0,0.5799555437719065,0.0,0.0,0.0,0.0,2
1.0,0.0,0.0,0.0,0.0,0.0,0.0,0.0,0.0,0.0,0.0,0.0,0.0,2
0.4358569808440285,0.6380485281098127,0.0,0.0,0.0,0.0,0.634761977458031,0.0,0.0,0.0,0.0,0.0,0.0,2
0.0,0.0,0.0,0.0,1.0,0.0,0.0,0.0,0.0,0.0,0.0,0.0,0.0,2
0.0,0.0,0.0,0.0,0.0,0.0,0.0,0.0,0.0,0.0,0.0,0.0,0.0,2
0.0,0.0,0.0,0.0,1.0,0.0,0.0,0.0,0.0,0.0,0.0,0.0,0.0,2
0.6227109179134968,0.0,0.0,0.6311339829544115,0.2801184067736845,0.0,0.0,0.0,0.0,0.0,0.0,0.2962705535283975,0.2183081436180993,2
0.0,0.0,0.6760587678968445,0.3408671102656522,0.0,0.0,0.0,0.0,0.3192371262223036,0.0,0.0,0.3200236088232466,0.4716213550360233,1
0.0,0.0,0.0,0.0,0.6638532161445547,0.0,0.0,0.747862893460112,0.0,0.0,0.0,0.0,0.0,2
0.0,0.0,0.0,0.0,0.0,0.0,0.0,0.0,0.0,0.0,0.0,0.0,0.0,2
0.0,0.0,0.0,0.0,0.0,0.0,0.0,0.0,0.0,0.0,0.0,0.0,0.0,2
0.0,0.0,0.0,0.0,0.8840001482014443,0.0,0.0,0.0,0.0,0.0,0.0,0.467486617968712,0.0,2
0.0,0.0,0.0,0.0,0.788753788833772,0.0,0.0,0.0,0.0,0.0,0.0,0.0,0.6147092488326243,1
0.0,0.0,0.0,0.0,0.788753788833772,0.0,0.0,0.0,0.0,0.0,0.0,0.0,0.6147092488326243,1
0.0,0.0,0.0,0.0,0.0,0.0,0.0,0.7298851847180353,0.6835697602506415,0.0,0.0,0.0,0.0,2
0.0,0.0,0.0,0.0,0.0,0.0,0.0,0.0,0.0,0.0,0.0,0.0,1.0,1
0.0,0.0,0.0,0.0,0.0,0.0,0.0,0.0,0.0,1.0,0.0,0.0,0.0,0
0.0,0.0,0.0,0.0,0.0,0.0,0.0,0.0,0.0,0.0,0.0,0.0,0.0,2
0.5384251207977004,0.0,0.0,0.0,0.0,0.0,0.0,0.0,0.0,0.0,0.8426733585998679,0.0,0.0,2
0.0,0.0,0.0,0.0,0.0,0.0,0.0,0.0,0.0,0.0,0.0,0.0,0.0,2
0.4269176752768379,0.0,0.0,0.0,0.0,0.0,0.0,0.0,0.0,0.0,0.6681563273611606,0.6093508191046157,0.0,2
0.0,0.0,0.0,0.0,0.0,0.0,0.0,0.0,0.0,0.0,0.0,0.0,0.0,2
0.0,0.0,0.0,0.0,0.6019136573267864,0.6462570114944772,0.0,0.0,0.0,0.0,0.0,0.0,0.4690968175310072,1
0.0,0.0,0.0,0.5895510020275242,0.0,0.0,0.0,0.5895510020275242,0.5521405908069833,0.0,0.0,0.0,0.0,2
0.418033165145997,0.0,0.6302406877362631,0.0,0.0,0.0,0.0,0.0,0.0,0.0,0.6542514412362741,0.0,0.0,2
0.0,0.0,0.0,0.0,0.0,0.0,0.0,0.0,0.0,0.0,0.0,1.0,0.0,2
0.0,0.0,0.0,0.0,0.0,0.0,0.0,0.0,0.8043533858037615,0.0,0.0,0.0,0.5941511850918294,1
0.4328014981987332,0.0,0.0,0.0,0.0,0.0,0.0,0.6579836458514162,0.6162307887058305,0.0,0.0,0.0,0.0,2
0.0,0.0,0.0,0.5093740705364994,0.4521545565414979,0.0,0.0,0.5093740705364994,0.0,0.5259585245329863,0.0,0.0,0.0,0
0.0,0.0,0.0,0.0,0.0,0.0,0.0,0.0,0.0,0.0,0.0,0.0,1.0,1
0.0,0.0,0.0,0.0,0.0,0.0,0.0,0.0,0.0,0.0,0.0,0.0,0.0,2
0.5384251207977004,0.0,0.0,0.0,0.0,0.0,0.0,0.0,0.0,0.0,0.8426733585998679,0.0,0.0,2
0.0,0.0,0.0,0.0,0.0,0.0,0.0,0.3266401259703818,0.9177387783973308,0.0,0.0,0.0,0.2259684994237648,2
0.0,0.0,0.0,0.0,0.0,0.0,0.0,0.0,0.0,0.0,0.0,1.0,0.0,2
0.0,0.0,0.0,0.0,0.0,0.8092767746300223,0.0,0.0,0.0,0.0,0.0,0.0,0.5874275291850289,1
0.0,0.0,0.0,0.0,0.0,0.0,0.0,0.6515387320977252,0.6101948418998289,0.0,0.0,0.0,0.4507322214966791,1
0.0,0.0,0.0,0.0,0.788753788833772,0.0,0.0,0.0,0.0,0.0,0.0,0.0,0.6147092488326243,1
0.4269176752768379,0.0,0.0,0.0,0.0,0.0,0.0,0.0,0.0,0.0,0.6681563273611606,0.6093508191046157,0.0,2
0.0,0.0,0.0,0.0,0.0,0.0,0.0,0.0,1.0,0.0,0.0,0.0,0.0,2
0.0,0.0,0.0,0.0,0.0,0.0,0.0,0.0,0.0,0.0,0.0,0.0,0.0,2
0.7961066441107962,0.0,0.0,0.6051563526913074,0.0,0.0,0.0,0.0,0.0,0.0,0.0,0.0,0.0,2
0.0,0.0,0.0,0.0,0.0,0.0,0.0,0.0,0.0,0.0,0.0,0.0,0.0,2
0.0,0.0,0.0,0.0,0.8844747325869502,0.0,0.0,0.0,0.4665880918060844,0.0,0.0,0.0,0.0,2
0.0,0.0,0.0,0.0,0.0,0.0,0.0,0.0,0.0,0.0,0.0,0.0,0.0,2
0.0,0.0,0.0,0.0,0.0,0.0,0.0,0.0,0.0,0.0,0.0,0.0,0.0,2
0.0,0.0,0.0,0.747862893460112,0.6638532161445547,0.0,0.0,0.0,0.0,0.0,0.0,0.0,0.0,2
0.1886364755271631,0.2761438518774114,0.0,0.8603462540529225,0.0,0.0,0.2747214510467695,0.0,0.0,0.0,0.0,0.2692457996754226,0.0,2
0.0,0.0,0.0,0.0,0.0,0.0,0.0,0.6020866466171788,0.5638807764500825,0.0,0.0,0.5652699708239706,0.0,2
0.0,0.0,0.0,0.0,0.0,0.0,0.0,0.0,0.0,0.0,0.0,0.0,0.0,2
0.4358569808440285,0.6380485281098127,0.0,0.0,0.0,0.0,0.634761977458031,0.0,0.0,0.0,0.0,0.0,0.0,2
0.0,0.0,0.0,0.0,0.0,0.0,0.0,0.0,0.0,0.0,0.0,0.0,0.0,2
0.0,0.0,0.0,0.0,0.0,0.0,0.0,0.7298851847180353,0.6835697602506415,0.0,0.0,0.0,0.0,2
0.0,0.0,0.0,0.4102504042692413,0.7283314968033388,0.390994065986014,0.0,0.0,0.0,0.0,0.0,0.3851642207226117,0.0,2
0.3306071229977461,0.0,0.0,0.0,0.0,0.0,0.0,0.0,0.0,0.0,0.0,0.9437684727851176,0.0,2
0.0,0.0,0.0,0.0,0.0,0.8092767746300223,0.0,0.0,0.0,0.0,0.0,0.0,0.5874275291850289,1
0.0,0.0,0.0,0.0,0.0,0.0,0.0,0.0,0.0,0.0,0.0,0.0,0.0,2
0.0,0.0,0.0,0.0,0.0,0.0,0.0,0.0,0.0,0.0,0.0,0.0,0.0,2
0.3597171821065592,0.5265879145366545,0.0,0.0,0.0,0.0,0.5238754909865715,0.0,0.0,0.5646797208195387,0.0,0.0,0.0,0
0.5384251207977004,0.0,0.0,0.0,0.0,0.0,0.0,0.0,0.0,0.0,0.8426733585998679,0.0,0.0,2
0.0,0.0,0.0,0.0,0.0,0.0,0.0,0.0,0.0,0.0,0.0,0.0,0.0,2
0.0,0.0,0.0,0.0,0.0,0.0,0.0,0.0,0.0,0.0,0.0,0.0,0.0,2
0.0,0.0,0.0,0.0,1.0,0.0,0.0,0.0,0.0,0.0,0.0,0.0,0.0,2
0.0,0.0,0.0,0.0,0.0,0.5672729957956336,0.0,0.0,0.0,0.0,0.0,0.0,0.8235298101714638,1
1.0,0.0,0.0,0.0,0.0,0.0,0.0,0.0,0.0,0.0,0.0,0.0,0.0,2
0.0,0.0,0.0,0.0,0.0,0.3643327575354791,0.0,0.0,0.716036830833678,0.3947223675336937,0.0,0.3589004408186916,0.2644572268345128,0
0.0,0.0,0.0,0.0,0.0,1.0,0.0,0.0,0.0,0.0,0.0,0.0,0.0,2
0.0,0.0,0.0,0.0,0.0,0.0,0.0,0.0,0.0,1.0,0.0,0.0,0.0,0
0.2625307199617374,0.3843172114183449,0.0,0.7982454819927738,0.0,0.0,0.3823376159392679,0.0,0.0,0.0,0.0,0.0,0.0,2
0.368520986080894,0.5394757525534141,0.0,0.0,0.0,0.5339612204884792,0.5366969445034568,0.0,0.0,0.0,0.0,0.0,0.0,2
0.0,0.0,0.0,0.747862893460112,0.6638532161445547,0.0,0.0,0.0,0.0,0.0,0.0,0.0,0.0,2
0.5372746680529112,0.0,0.0,0.0,0.0,0.0,0.0,0.0,0.0,0.8434073340140184,0.0,0.0,0.0,0
0.0,0.0,0.0,0.3908027949124538,0.0,0.7449185774902357,0.0,0.0,0.0,0.0,0.0,0.0,0.5407120198391546,1
0.3756868602589404,0.5499658345593708,0.0,0.0,0.5069935424971677,0.0,0.5471329927105173,0.0,0.0,0.0,0.0,0.0,0.0,2
0.5384251207977004,0.0,0.0,0.0,0.0,0.0,0.0,0.0,0.0,0.0,0.8426733585998679,0.0,0.0,2
0.0,0.0,0.0,0.0,0.0,0.0,0.0,0.0,0.0,0.0,0.0,0.0,1.0,1
0.2612821715230229,0.3824894685379787,0.0,0.0,0.7052063180517242,0.3785796534466253,0.3805192876555822,0.0,0.0,0.0,0.0,0.0,0.0,2
0.5384251207977004,0.0,0.0,0.0,0.0,0.0,0.0,0.0,0.0,0.0,0.8426733585998679,0.0,0.0,2
0.0,0.0,0.0,0.0,0.0,0.85338327212803,0.0,0.0,0.4192965366293777,0.0,0.0,0.0,0.3097214962230838,1
0.0,0.0,0.0,0.0,0.0,0.0,0.0,0.0,0.0,0.0,0.0,0.0,0.0,2
0.0,0.0,0.0,0.0,0.0,0.5710499120170819,0.0,0.5991739457020367,0.5611529032065468,0.0,0.0,0.0,0.0,2
0.0,0.0,0.0,0.0,0.0,0.0,0.0,0.0,0.0,0.0,0.0,0.0,0.0,2
0.0,0.0,0.0,0.0,0.0,0.0,0.0,0.0,0.0,0.0,0.0,1.0,0.0,2
0.4358569808440285,0.6380485281098127,0.0,0.0,0.0,0.0,0.634761977458031,0.0,0.0,0.0,0.0,0.0,0.0,2
0.0,0.0,0.0,0.0,0.0,0.0,0.0,0.0,0.0,0.0,0.0,0.0,1.0,1
0.0,0.0,0.0,0.0,0.0,0.0,0.0,1.0,0.0,0.0,0.0,0.0,0.0,2
0.0,0.0,0.0,0.0,0.0,0.0,0.0,0.0,0.0,0.0,0.0,0.0,1.0,1
0.0,0.0,0.0,0.0,0.0,0.0,0.0,0.0,0.0,0.0,0.0,1.0,0.0,2
0.0,0.0,0.0,0.0,0.0,0.0,0.0,0.0,0.0,0.0,0.0,0.0,1.0,1
0.0,0.0,0.0,0.0,0.0,0.0,0.0,0.0,0.0,0.8307765565794711,0.0,0.0,0.556606066296404,0
0.0,0.0,0.0,0.0,0.0,0.0,0.0,0.0,0.0,0.0,0.0,0.0,0.0,2
0.0,0.0,0.0,0.0,0.0,0.0,0.0,0.0,0.0,0.0,0.0,0.0,1.0,1
0.0,0.0,0.0,0.0,0.6870218269763154,0.0,0.0,0.0,0.0,0.0,0.0,0.7266367794559575,0.0,2
0.2401323760178441,0.0,0.0,0.3650707701261991,0.0,0.0,0.0,0.3650707701261991,0.0,0.3769569255919515,0.0,0.6854945039468112,0.2525546849574005,0
1.0,0.0,0.0,0.0,0.0,0.0,0.0,0.0,0.0,0.0,0.0,0.0,0.0,2
0.0,0.0,0.0,0.0,0.0,0.0,0.0,0.0,0.0,0.0,0.0,0.0,0.0,2
0.0,0.0,0.0,0.0,0.0,0.0,0.0,0.0,0.0,0.0,0.0,0.0,1.0,1
0.0,0.0,0.0,0.0,0.0,0.0,0.0,0.0,0.0,0.5980942313810544,0.0,0.0,0.8014257859519531,1
0.0,0.0,0.0,0.0,0.0,0.0,0.0,0.0,0.0,0.0,0.0,0.0,0.0,2
0.0,0.0,0.0,0.0,1.0,0.0,0.0,0.0,0.0,0.0,0.0,0.0,0.0,2
0.0,0.0,0.0,0.0,0.0,0.0,0.0,0.6956907571681706,0.0,0.7183414023921896,0.0,0.0,0.0,0
0.5384251207977004,0.0,0.0,0.0,0.0,0.0,0.0,0.0,0.0,0.0,0.8426733585998679,0.0,0.0,2
0.0,0.0,0.0,0.0,0.0,0.0,0.0,0.0,0.0,0.0,0.0,0.0,1.0,1
0.0,0.0,0.0,0.8642153493316559,0.0,0.0,0.0,0.0,0.4046879505958049,0.0,0.0,0.0,0.2989305816107335,2
0.0,0.0,0.0,0.0,0.0,0.0,0.0,0.0,0.0,0.0,0.0,0.0,0.0,2
0.3310896544367218,0.4846802413871012,0.0,0.0,0.4468091236178443,0.0,0.4821836818104253,0.0,0.0,0.0,0.0,0.4725729661983532,0.0,2
0.0,0.0,0.0,0.0,0.0,0.0,0.0,0.0,0.0,0.0,0.0,0.0,1.0,1
0.0,0.0,0.0,0.0,0.0,0.0,0.0,0.0,0.0,0.0,0.0,0.0,0.0,2
0.0,0.0,0.0,0.0,0.0,0.0,0.0,0.0,0.0,0.0,0.0,0.0,0.0,2
0.0,0.0,0.0,0.0,0.4671537256818822,0.5015692317208513,0.0,0.0,0.0,0.0,0.0,0.0,0.7281453854639823,1
0.0,0.0,0.0,0.0,0.0,0.0,0.0,0.0,0.0,0.0,0.0,0.0,1.0,1
0.0,0.0,0.0,0.0,0.5896154445294026,0.0,0.0,0.6642304377697127,0.0,0.0,0.0,0.0,0.4595122991962791,1
0.0,0.0,0.8201540242416191,0.0,0.0,0.0,0.0,0.0,0.0,0.0,0.0,0.0,0.5721427938201071,1
0.0,0.0,0.0,0.0,1.0,0.0,0.0,0.0,0.0,0.0,0.0,0.0,0.0,2
0.0,0.0,0.0,0.0,0.0,1.0,0.0,0.0,0.0,0.0,0.0,0.0,0.0,2
0.0,0.0,0.0,0.0,0.0,0.0,0.0,0.0,0.8043533858037615,0.0,0.0,0.0,0.5941511850918294,1
0.0,0.0,0.0,0.0,0.0,0.0,0.0,0.0,0.0,0.0,0.0,0.0,0.0,2
0.0,0.0,0.0,0.0,0.5562594267583372,0.0,0.0,0.0,0.58688849984712,0.0,0.0,0.588334376770288,0.0,2
0.4358569808440285,0.6380485281098127,0.0,0.0,0.0,0.0,0.634761977458031,0.0,0.0,0.0,0.0,0.0,0.0,2
0.0,0.0,0.0,0.0,0.0,0.0,0.0,0.0,0.0,0.0,0.0,0.0,0.0,2
0.0,0.0,0.0,0.0,0.0,0.0,0.0,0.0,0.0,0.0,0.0,1.0,0.0,2
0.2550595912737978,0.0,0.0,0.3877644612464902,0.688411437326574,0.0,0.0,0.3877644612464902,0.0,0.4003894891797763,0.0,0.0,0.0,0
0.0,0.0,0.0,0.0,0.0,0.8092767746300223,0.0,0.0,0.0,0.0,0.0,0.0,0.5874275291850289,1
0.0,0.0,0.0,0.0,0.0,0.0,0.0,0.0,0.0,0.0,0.0,0.0,0.0,2
1.0,0.0,0.0,0.0,0.0,0.0,0.0,0.0,0.0,0.0,0.0,0.0,0.0,2
0.0,0.0,0.0,1.0,0.0,0.0,0.0,0.0,0.0,0.0,0.0,0.0,0.0,2
1.0,0.0,0.0,0.0,0.0,0.0,0.0,0.0,0.0,0.0,0.0,0.0,0.0,2
0.0,0.0,0.0,0.0,0.0,0.0,0.0,0.0,0.0,0.0,0.0,0.0,0.0,2
1.0,0.0,0.0,0.0,0.0,0.0,0.0,0.0,0.0,0.0,0.0,0.0,0.0,2
0.0,0.0,0.0,1.0,0.0,0.0,0.0,0.0,0.0,0.0,0.0,0.0,0.0,2
0.3600618444940155,0.5270924638238668,0.0,0.0,0.0,0.0,0.524377441369914,0.0,0.0,0.0,0.5635222282235149,0.0,0.0,2
0.0,0.0,0.0,0.0,1.0,0.0,0.0,0.0,0.0,0.0,0.0,0.0,0.0,2
0.0,0.0,0.0,0.0,0.0,0.0,0.0,0.0,0.0,0.0,0.0,0.0,1.0,1
0.0,0.0,0.0,0.0,0.0,0.0,0.0,0.0,0.0,0.0,0.0,0.0,0.0,2
0.0,0.0,0.0,0.0,0.0,0.0,0.0,0.0,1.0,0.0,0.0,0.0,0.0,2
0.0,0.0,0.0,0.0,0.0,0.0,0.0,1.0,0.0,0.0,0.0,0.0,0.0,2
0.0,0.0,0.0,0.0,0.0,0.0,0.0,0.8223888850579308,0.0,0.0,0.0,0.0,0.5689257611790605,1
0.0,0.0,0.0,1.0,0.0,0.0,0.0,0.0,0.0,0.0,0.0,0.0,0.0,2
0.3600618444940155,0.5270924638238668,0.0,0.0,0.0,0.0,0.524377441369914,0.0,0.0,0.0,0.5635222282235149,0.0,0.0,2
0.0,0.0,0.0,0.0,0.0,0.0,0.0,0.0,0.0,0.0,0.0,0.0,1.0,1
0.7875330426451617,0.0,0.0,0.0,0.0,0.0,0.0,0.0,0.0,0.0,0.6162724289971554,0.0,0.0,2
0.3393952990743173,0.49683882681519,0.0,0.5159791664288762,0.0,0.0,0.4942796390760735,0.0,0.0,0.0,0.0,0.0,0.3569525869654804,2
0.0,0.0,0.0,0.0,0.0,0.0,0.0,0.0,0.0,0.0,0.0,0.0,1.0,1
0.0,0.0,0.0,0.0,0.0,0.0,0.0,0.0,1.0,0.0,0.0,0.0,0.0,2
0.0,0.0,0.0,0.0,0.0,0.0,0.0,0.0,0.0,0.0,0.0,0.0,1.0,1
0.3238539827468446,0.4740879832049061,0.0,0.0,0.4370445052336163,0.0,0.4716459837306344,0.0,0.0,0.0,0.5068543661798491,0.0,0.0,2
0.0,0.0,0.0,0.0,0.0,0.0,0.0,0.0,0.0,0.0,0.0,0.0,0.0,2
0.0,0.0,0.0,0.0,0.0,0.0,0.0,0.0,0.0,0.0,0.0,0.0,0.0,2
0.0,0.0,0.0,0.0,0.0,0.0,0.0,0.0,0.0,0.0,0.0,0.0,0.0,2
0.4245205291375832,0.0,0.0,0.0,0.0,0.6151006548402128,0.0,0.0,0.0,0.0,0.6644046242734076,0.0,0.0,2
0.6344922138216917,0.3096098345089471,0.6377210271703827,0.0,0.0,0.0,0.308015052359041,0.0,0.0,0.0,0.0,0.0,0.0,2
0.0,0.0,0.0,0.0,0.0,0.0,0.0,0.0,0.0,1.0,0.0,0.0,0.0,0
0.0,0.0,0.0,0.0,0.0,0.0,0.0,0.7298851847180353,0.6835697602506415,0.0,0.0,0.0,0.0,2
0.433954118403605,0.0,0.6542436457957926,0.0,0.0,0.0,0.0,0.0,0.0,0.0,0.0,0.619394119326604,0.0,2
0.0,0.0,1.0,0.0,0.0,0.0,0.0,0.0,0.0,0.0,0.0,0.0,0.0,2
0.8892983110723361,0.0,0.2681471356356058,0.0,0.0,0.0,0.0,0.2703982067549115,0.2532398810575433,0.0,0.0,0.0,0.0,2
0.0,0.0,0.0,0.0,0.0,0.0,0.0,0.0,0.0,0.0,0.0,0.0,0.0,2
0.0,0.0,0.0,0.0,0.0,0.0,0.0,0.0,0.0,0.0,0.0,0.0,0.0,2
0.6286512245816002,0.0,0.4738877356634841,0.0,0.4241858646934447,0.0,0.0,0.0,0.4475426281529673,0.0,0.0,0.0,0.0,2
0.629780467905241,0.4609660028859826,0.0,0.0,0.4249478278249199,0.0,0.4585915939648896,0.0,0.0,0.0,0.0,0.0,0.0,2
0.0,0.0,0.0,0.5016011456306586,0.0,0.4780569851788891,0.0,0.5016011456306586,0.0,0.517932524877221,0.0,0.0,0.0,0
0.2159935939880565,0.0,0.0,0.0,0.0,0.3129596615109434,0.0,0.0,0.0,0.0,0.0,0.9248800017424306,0.0,2
0.0,0.0,0.0,0.0,0.0,0.0,0.0,0.0,0.0,0.0,0.0,1.0,0.0,2
0.0,0.0,0.0,0.0,0.6879139478134068,0.0,0.0,0.0,0.7257922570569169,0.0,0.0,0.0,0.0,2
0.0,0.0,0.0,0.0,0.0,0.0,0.0,0.0,0.0,0.0,0.0,0.0,1.0,1
0.0,0.0,0.0,0.0,0.0,0.0,0.0,1.0,0.0,0.0,0.0,0.0,0.0,2
0.0,0.0,1.0,0.0,0.0,0.0,0.0,0.0,0.0,0.0,0.0,0.0,0.0,2
0.0,0.0,0.0,0.0,0.0,0.0,0.0,0.0,0.0,0.0,0.0,0.0,0.0,2
0.0,0.0,0.0,0.0,0.0,0.0,0.0,0.0,0.0,0.0,0.0,0.0,0.0,2
0.0,0.0,0.0,0.0,0.0,0.0,0.0,0.0,1.0,0.0,0.0,0.0,0.0,2
0.0,0.0,0.0,0.0,1.0,0.0,0.0,0.0,0.0,0.0,0.0,0.0,0.0,2
0.5384251207977004,0.0,0.0,0.0,0.0,0.0,0.0,0.0,0.0,0.0,0.8426733585998679,0.0,0.0,2
0.8172019385394992,0.0,0.0,0.0,0.0,0.0,0.0,0.0,0.3878490849453989,0.0,0.4263262588139527,0.0,0.0,2
0.5527513199484219,0.0,0.833346253543674,0.0,0.0,0.0,0.0,0.0,0.0,0.0,0.0,0.0,0.0,2
0.0,0.0,0.0,0.0,0.0,0.0,0.0,0.0,0.0,0.0,0.0,0.0,0.0,2
0.0,0.0,0.0,0.0,0.0,0.0,0.0,0.0,0.0,0.0,0.0,0.0,1.0,1
0.0,0.0,0.0,0.0,0.0,0.0,0.0,0.0,1.0,0.0,0.0,0.0,0.0,2
0.0,0.0,0.0,0.0,0.0,0.8092767746300223,0.0,0.0,0.0,0.0,0.0,0.0,0.5874275291850289,1
0.0,0.0,0.0,0.0,0.0,0.0,0.0,0.0,0.0,0.0,0.0,0.0,0.0,2
0.0,0.0,0.0,0.0,0.0,0.8092767746300223,0.0,0.0,0.0,0.0,0.0,0.0,0.5874275291850289,1
0.0,0.0,0.0,0.0,0.0,0.0,0.0,0.0,0.0,0.0,0.0,0.0,0.0,2
0.2659950251924214,0.3893885879260256,0.4010229369077647,0.4043894884441532,0.358963206794028,0.0,0.3873828700831589,0.0,0.0,0.4175558022706524,0.0,0.0,0.0,0
0.0,0.0,0.8201540242416191,0.0,0.0,0.0,0.0,0.0,0.0,0.0,0.0,0.0,0.5721427938201071,1
0.0,0.0,0.0,0.8617080562949684,0.0,0.4106305967252104,0.0,0.0,0.0,0.0,0.0,0.0,0.2980633133236045,1
0.3017859584235712,0.0,0.454982536898939,0.0,0.0,0.4372668172844931,0.0,0.0,0.0,0.4737399802587071,0.0,0.4307470306550965,0.3173976742251887,0
0.0,0.0,0.8201540242416191,0.0,0.0,0.0,0.0,0.0,0.0,0.0,0.0,0.0,0.5721427938201071,1
0.4429319199233467,0.4322703271650747,0.0,0.0,0.0,0.0,0.4300437279913425,0.4489232142188,0.4204364471831837,0.2317697396045671,0.0,0.0,0.0,2
0.0,0.0,0.0,0.0,0.0,0.0,0.0,0.7290453756769452,0.0,0.0,0.0,0.6844653681553667,0.0,2
0.0,0.0,0.0,0.0,0.0,0.0,0.0,0.0,0.0,0.0,0.0,1.0,0.0,2
0.0,0.0,0.0,0.0,0.0,0.0,0.0,0.8223888850579308,0.0,0.0,0.0,0.0,0.5689257611790605,1
0.0,0.0,0.0,0.0,0.0,0.0,0.0,1.0,0.0,0.0,0.0,0.0,0.0,2
0.0,0.0,0.0,0.8223888850579308,0.0,0.0,0.0,0.0,0.0,0.0,0.0,0.0,0.5689257611790605,1
0.0,0.0,0.0,0.0,0.0,0.0,0.0,0.6613187351161837,0.0,0.6828502789735252,0.0,0.3104400539397416,0.0,0
0.5953667971203342,0.0,0.0,0.0,0.8034540291060062,0.0,0.0,0.0,0.0,0.0,0.0,0.0,0.0,2
0.0,0.0,0.0,0.0,0.0,0.0,0.0,0.0,0.0,0.0,0.0,0.0,0.0,2
0.1743022586060748,0.0,0.0,0.0,0.0,0.0,0.0,0.529979845610882,0.7445243517482596,0.0,0.0,0.0,0.3666382079720013,2
0.0,0.0,0.0,0.0,0.0,0.0,0.0,0.0,0.0,0.0,0.0,0.0,0.0,2
0.0,0.0,0.0,0.0,0.0,0.0,0.0,1.0,0.0,0.0,0.0,0.0,0.0,2
0.0,0.0,0.0,0.0,1.0,0.0,0.0,0.0,0.0,0.0,0.0,0.0,0.0,2
0.0,0.0,0.0,0.0,0.0,0.0,0.0,0.0,0.0,0.0,0.0,0.0,0.0,2
0.0,0.0,0.0,0.0,0.2926849281592149,0.3142472091789707,0.0,0.3297237882141288,0.3088009122222919,0.6809181981716264,0.0,0.3095616838389648,0.228101766204382,0
0.0,0.0,0.0,1.0,0.0,0.0,0.0,0.0,0.0,0.0,0.0,0.0,0.0,2
0.8847002693980334,0.0,0.0,0.0,0.0,0.0,0.0,0.0,0.2519305256790382,0.2777583757367829,0.2769236867192741,0.0,0.0,2
0.2618381343441525,0.3833033393150821,0.0,0.0,0.706706873913523,0.0,0.3813289662319123,0.0,0.0,0.0,0.0,0.3737284513506533,0.0,2
0.0,0.0,0.0,0.0,0.0,0.0,0.0,0.0,1.0,0.0,0.0,0.0,0.0,2
0.0,0.0,0.0,0.0,0.5405894844972412,0.5804150486435223,0.0,0.6090003124458515,0.0,0.0,0.0,0.0,0.0,2
0.0,0.0,0.0,0.0,1.0,0.0,0.0,0.0,0.0,0.0,0.0,0.0,0.0,2
0.550480460431491,0.0,0.0,0.4184448781163425,0.0,0.0,0.0,0.0,0.0,0.4320688143011523,0.0,0.0,0.5789574132608799,0
0.3124218632059757,0.0,0.0,0.9499434611548766,0.0,0.0,0.0,0.0,0.0,0.0,0.0,0.0,0.0,2
0.0,0.0,0.0,0.0,0.0,0.0,0.0,0.0,0.0,0.0,0.0,0.0,0.0,2
0.0,0.0,0.0,0.0,0.0,0.0,0.0,0.0,0.0,1.0,0.0,0.0,0.0,0
0.0,0.0,0.0,0.0,0.6870218269763154,0.0,0.0,0.0,0.0,0.0,0.0,0.7266367794559575,0.0,2
0.0,0.0,0.0,0.0,0.0,0.0,0.0,0.0,0.0,0.0,0.0,0.0,0.0,2
0.8139730843904245,0.0,0.0,0.0,0.0,0.0,0.0,0.0,0.0,0.0,0.0,0.580902588983677,0.0,2
0.0,0.0,0.0,0.0,0.0,0.0,0.0,0.0,0.0,0.0,0.0,0.0,0.0,2
0.0,0.0,0.0,0.0,0.0,0.0,0.0,1.0,0.0,0.0,0.0,0.0,0.0,2
0.0,0.0,0.0,0.0,0.0,0.8092767746300223,0.0,0.0,0.0,0.0,0.0,0.0,0.5874275291850289,1
0.4355809702311344,0.0,0.0,0.0,0.5878213014679978,0.0,0.0,0.0,0.0,0.0,0.6817149961039238,0.0,0.0,2
0.0,0.0,0.0,0.0,0.0,0.0,0.0,0.0,0.0,0.0,0.0,0.0,0.0,2
0.0,0.0,0.0,0.0,0.0,0.0,0.0,0.0,0.0,0.0,0.0,0.0,0.0,2
0.0,0.0,0.0,1.0,0.0,0.0,0.0,0.0,0.0,0.0,0.0,0.0,0.0,2
0.3494011688170378,0.5114863619984934,0.0,0.0,0.4715207133118926,0.0,0.5088517256623144,0.0,0.0,0.0,0.0,0.0,0.3674760712307165,2
0.5902315064750561,0.0,0.0,0.0,0.0,0.0,0.0,0.4486614304053348,0.4201912750624795,0.0,0.0,0.4212264714721683,0.3103824120714623,2
0.280374813271085,0.2052195385057927,0.4227023831426907,0.0,0.1891844443392487,0.2031217802282707,0.2041624646652925,0.4262509316830237,0.1996014258665479,0.0,0.0,0.6002795106067671,0.0,2
0.0,0.0,0.0,0.0,0.0,0.8092767746300223,0.0,0.0,0.0,0.0,0.0,0.0,0.5874275291850289,1
0.0,0.0,0.0,0.0,1.0,0.0,0.0,0.0,0.0,0.0,0.0,0.0,0.0,2
0.3325126356519793,0.4867633354060722,0.0,0.0,0.0,0.2408938153682218,0.4842560459339352,0.0,0.4734376488419314,0.2609871749374867,0.260202884893836,0.0,0.0,2
0.0,0.0,0.0,0.0,0.0,0.0,0.0,1.0,0.0,0.0,0.0,0.0,0.0,2
0.0,0.0,0.0,0.0,0.0,0.4526042264501539,0.0,0.0,0.0,0.0,0.0,0.8917115083924049,0.0,2
0.5607523622910843,0.0,0.4227044453956661,0.4262530112484276,0.0,0.4062455424112801,0.0,0.0,0.0,0.0,0.0,0.4001882928076776,0.0,2
0.4328014981987332,0.0,0.0,0.0,0.0,0.0,0.0,0.6579836458514162,0.6162307887058305,0.0,0.0,0.0,0.0,2
0.0,0.0,0.0,0.0,0.3949026076153708,0.0,0.0,0.0,0.0,0.9187229889899242,0.0,0.0,0.0,0
0.0,0.0,0.0,0.747862893460112,0.6638532161445547,0.0,0.0,0.0,0.0,0.0,0.0,0.0,0.0,2
0.0,0.0,0.0,0.0,0.0,1.0,0.0,0.0,0.0,0.0,0.0,0.0,0.0,2
0.8393032918153637,0.3071628157380299,0.0,0.0,0.0,0.0,0.3055806380386979,0.0,0.0,0.0,0.3283922389942277,0.0,0.0,2
0.0,0.0,0.0,0.0,0.0,1.0,0.0,0.0,0.0,0.0,0.0,0.0,0.0,2
0.2903146402039392,0.4249899325052673,0.0,0.0,0.0,0.4206456768107673,0.4228008342186312,0.0,0.0,0.4557324424153381,0.0,0.4143737166459969,0.0,0
0.3343989845571963,0.0,0.5041510185729664,0.0,0.0,0.4845208188091459,0.0,0.0,0.0,0.5249355177761793,0.0,0.0,0.3516978076652255,0
0.0,0.0,0.0,0.0,0.0,0.0,0.0,0.0,0.0,0.0,0.0,0.0,1.0,1
0.0,0.0,0.0,0.0,0.0,0.0,0.0,0.0,0.0,0.0,0.0,0.0,0.0,2
0.0,0.0,0.0,0.0,0.0,0.0,0.0,0.0,0.0,0.0,0.0,0.0,0.0,2
1.0,0.0,0.0,0.0,0.0,0.0,0.0,0.0,0.0,0.0,0.0,0.0,0.0,2
0.3756868602589404,0.5499658345593708,0.0,0.0,0.5069935424971677,0.0,0.5471329927105173,0.0,0.0,0.0,0.0,0.0,0.0,2
0.0,0.0,0.0,0.6125560982011773,0.543745838195541,0.0,0.0,0.0,0.5736858809501748,0.0,0.0,0.0,0.0,2
0.0,0.0,0.0,0.0,0.0,0.0,0.0,0.0,1.0,0.0,0.0,0.0,0.0,2
0.0,0.0,1.0,0.0,0.0,0.0,0.0,0.0,0.0,0.0,0.0,0.0,0.0,2
0.8850824100352724,0.0,0.0,0.0,0.0,0.0,0.0,0.0,0.0,0.0,0.0,0.0,0.4654343427876307,2
0.9061796621397672,0.0,0.0,0.0,0.0,0.0,0.0,0.2755311154756413,0.2580470771167059,0.0,0.0,0.0,0.1906114642945989,2
0.0,0.0,0.0,0.0,0.0,0.0,0.0,0.0,0.0,0.0,0.0,1.0,0.0,2
0.0,0.0,0.0,0.0,0.0,0.0,0.0,0.0,0.0,0.0,0.0,0.0,1.0,1
0.0,0.0,0.0,0.0,0.0,0.0,0.0,0.0,0.0,0.0,0.0,0.805051262775078,0.5932052463559744,1
0.0,0.0,0.0,0.0,0.0,0.0,0.0,0.0,0.0,0.0,0.0,0.0,1.0,1
0.0,0.0,0.0,0.0,0.0,0.0,0.0,1.0,0.0,0.0,0.0,0.0,0.0,2
0.0,0.0,0.0,0.0,0.0,0.0,0.0,0.403507249082043,0.3779023869637293,0.8332896770423583,0.0,0.0,0.0,0
0.0,0.0,0.0,0.0,0.0,1.0,0.0,0.0,0.0,0.0,0.0,0.0,0.0,2
0.4472184997322895,0.2182268634274611,0.0,0.4532677762141717,0.2011754250985024,0.2159961440112409,0.2171027896170277,0.2266338881070858,0.4245053216633769,0.0,0.0,0.4255511462936345,0.0,2
0.0,0.0,0.0,0.0,0.0,0.0,0.0,0.0,0.0,0.0,0.0,0.0,0.0,2
0.0,0.0,0.0,0.0,0.0,0.0,0.0,0.0,0.0,0.0,0.0,0.0,0.0,2
0.5527513199484219,0.0,0.833346253543674,0.0,0.0,0.0,0.0,0.0,0.0,0.0,0.0,0.0,0.0,2
0.0,0.0,0.0,0.0,0.0,0.0,0.0,0.0,0.0,0.0,0.0,0.0,0.0,2
0.0,0.0,0.0,0.0,1.0,0.0,0.0,0.0,0.0,0.0,0.0,0.0,0.0,2
0.0991476583348582,0.1451416869441604,0.0,0.1507331605373623,0.9366059740920806,0.0,0.144394070603378,0.0,0.0,0.1556408056478486,0.1551730909630767,0.0,0.0,2
0.0,0.0,0.0,0.0,0.0,0.0,0.0,0.8885662509948907,0.0,0.4587483161744408,0.0,0.0,0.0,0
0.5384251207977004,0.0,0.0,0.0,0.0,0.0,0.0,0.0,0.0,0.0,0.8426733585998679,0.0,0.0,2
0.0,0.0,0.0,0.0,0.0,0.0,0.0,0.0,0.0,0.0,0.0,1.0,0.0,2
0.1285260930292333,0.0,0.5813106232935544,0.7815875650188384,0.0,0.1862253496831812,0.0,0.0,0.0,0.0,0.0,0.0,0.0,2
1.0,0.0,0.0,0.0,0.0,0.0,0.0,0.0,0.0,0.0,0.0,0.0,0.0,2
0.0,0.0,0.0,0.0,0.0,0.0,0.0,0.0,0.0,0.0,0.0,0.9383413058918552,0.3457102741562188,2
0.0,0.0,0.0,0.0,0.0,0.0,0.0,0.5135676202094753,0.4809787927873925,0.0,0.0,0.0,0.7105685754106768,1
0.3192299067902042,0.4673188250001,0.0,0.0,0.0,0.4625418825095187,0.4649116930638445,0.0,0.0,0.0,0.4996173605753742,0.0,0.0,2
0.0,0.0,0.0,0.0,0.0,0.0,0.0,0.0,0.0,0.0,0.0,0.0,0.0,2
0.0,0.0,0.0,0.0,0.0,0.0,0.0,0.0,0.0,0.0,0.0,0.0,0.0,2
0.0,0.0,0.0,0.0,0.0,0.0,0.0,0.0,0.8043533858037615,0.0,0.0,0.0,0.5941511850918294,1
0.0,0.0,0.0,0.0,0.0,0.0,0.0,0.0,0.0,0.0,0.0,0.0,0.0,2
0.5384251207977004,0.0,0.0,0.0,0.0,0.0,0.0,0.0,0.0,0.0,0.8426733585998679,0.0,0.0,2
0.5384251207977004,0.0,0.0,0.0,0.0,0.0,0.0,0.0,0.0,0.0,0.8426733585998679,0.0,0.0,2
0.0,0.0,0.0,0.0,0.0,0.0,0.0,0.0,0.0,0.0,0.0,0.0,0.0,2
0.0,0.0,0.0,0.0,0.0,0.0,0.0,0.0,0.0,0.0,0.0,0.9383413058918552,0.3457102741562188,2
0.0,0.0,0.0,0.0,0.0,0.0,0.0,0.0,0.0,0.0,0.0,0.0,0.0,2
0.5129527866192419,0.5006057565923665,0.0,0.0,0.0,0.0,0.498027165618278,0.0,0.0,0.0,0.0,0.4881006632574506,0.0,2
0.0,0.0,0.0,0.0,0.0,0.0,0.0,0.0,0.0,0.0,0.0,0.0,0.0,2
0.1655181278784357,0.2423010356833536,0.0,0.2516354996209967,0.0,0.4796484591818463,0.2410529572196172,0.0,0.4713355518044255,0.259828373205928,0.0,0.0,0.5222416818709706,1
0.5737979491887136,0.0,0.0,0.0,0.0,0.0,0.0,0.0,0.0,0.0,0.0,0.8189968946869252,0.0,2
0.0,0.0,0.0,0.0,0.0,0.8092767746300223,0.0,0.0,0.0,0.0,0.0,0.0,0.5874275291850289,1
0.0,0.0,0.0,0.0,0.0,0.0,0.0,0.0,1.0,0.0,0.0,0.0,0.0,2
0.5527513199484219,0.0,0.833346253543674,0.0,0.0,0.0,0.0,0.0,0.0,0.0,0.0,0.0,0.0,2
0.2431793647242379,0.0,0.0,0.0,0.3281732225044412,0.7046998965603771,0.3541551958865679,0.0,0.0,0.3817400519413541,0.0,0.0,0.2557592977029758,0
0.0,0.0,0.0,0.0,0.0,0.0,0.0,0.0,0.0,0.0,0.0,0.0,0.0,2
0.0,0.0,0.0,0.0,0.0,0.0,0.0,0.0,0.0,0.0,0.0,0.0,0.0,2
0.0,0.0,1.0,0.0,0.0,0.0,0.0,0.0,0.0,0.0,0.0,0.0,0.0,2
0.3036331988815745,0.4444868939726583,0.0,0.0,0.0,0.0,0.4421973679777908,0.0,0.4323185719152729,0.0,0.4752074106514288,0.0,0.3193404744408368,2
0.3215013211598273,0.4706439354353144,0.0,0.4887751366924668,0.0,0.4658330035985434,0.4682196760496774,0.0,0.0,0.0,0.0,0.0,0.0,2
0.5712160083679099,0.0,0.0,0.0,0.3854311372693884,0.413826089301376,0.0,0.4342068977566568,0.4066539658745844,0.0,0.0,0.0,0.0,2
0.0,0.0,0.0,0.0,0.0,0.0,0.0,0.0,0.0,0.0,0.0,0.0,0.0,2
1.0,0.0,0.0,0.0,0.0,0.0,0.0,0.0,0.0,0.0,0.0,0.0,0.0,2
0.0,0.0,0.0,0.0,0.0,0.0,0.0,0.0,0.0,0.0,0.0,0.0,0.0,2
0.0,0.0,0.0,0.0,0.0,1.0,0.0,0.0,0.0,0.0,0.0,0.0,0.0,2
0.0,0.0,0.0,0.0,0.0,0.7520087849776068,0.0,0.0,0.3694877663464107,0.0,0.0,0.0,0.5458585694452763,1
0.5495434081712041,0.0,0.0,0.0,0.0,0.0,0.0,0.8354651653633306,0.0,0.0,0.0,0.0,0.0,2
0.8850824100352724,0.0,0.0,0.0,0.0,0.0,0.0,0.0,0.0,0.0,0.0,0.0,0.4654343427876307,2
0.0,0.0,0.0,0.0,0.0,0.0,0.0,0.0,0.0,0.0,0.0,0.0,1.0,1
0.3063465357444673,0.4484589322047461,0.0,0.0,0.4134180132937629,0.0,0.4461489464732514,0.0,0.0,0.4808991198729406,0.0,0.0,0.3221941751702223,0
0.0,0.0,0.0,0.0,0.0,0.0,0.0,0.0,0.0,0.0,0.0,0.0,0.0,2
0.7609286314056306,0.0,0.0,0.289207984034695,0.5134407710692371,0.0,0.0,0.0,0.0,0.0,0.0,0.2715233589980219,0.0,2
0.0,0.0,0.0,0.0,0.6056688409917304,0.0,0.0,0.0,0.0,0.0,0.0,0.6405928294476524,0.4720233912763065,1
0.0,0.0,0.0,0.0,0.0,0.0,0.0,0.0,0.0,0.0,0.0,0.0,0.0,2
0.0,0.0,0.0,0.0,0.0,0.0,0.0,0.0,0.0,0.0,0.0,0.0,0.0,2
0.4358569808440285,0.6380485281098127,0.0,0.0,0.0,0.0,0.634761977458031,0.0,0.0,0.0,0.0,0.0,0.0,2
1.0,0.0,0.0,0.0,0.0,0.0,0.0,0.0,0.0,0.0,0.0,0.0,0.0,2
0.3962115928725588,0.5800118726166413,0.0,0.0,0.0,0.0,0.5770242653830089,0.0,0.0,0.0,0.0,0.0,0.4167080494258848,2
0.0,0.0,0.0,0.0,0.0,0.0,0.0,0.0,0.0,0.0,0.0,0.0,0.0,2
0.0,0.0,0.0,0.0,0.0,0.0,0.0,0.0,0.0,0.0,0.0,0.0,1.0,1
0.0,0.0,0.0,0.0,0.5811918290958707,0.0,0.0,0.0,0.0,0.6760582028411711,0.0,0.0,0.4529474187622245,0
0.1794683467012711,0.2627226808053003,0.0,0.0,0.0,0.7801113727289177,0.2613694116419085,0.0,0.0,0.2817272595035432,0.0,0.0,0.3775048788722844,1
0.8237297865491076,0.4019510993798116,0.0,0.0,0.0,0.0,0.3998806727751698,0.0,0.0,0.0,0.0,0.0,0.0,2
1.0,0.0,0.0,0.0,0.0,0.0,0.0,0.0,0.0,0.0,0.0,0.0,0.0,2
0.4003653371684754,0.0,0.0,0.6086712853791505,0.5402974180257821,0.0,0.0,0.0,0.0,0.0,0.0,0.0,0.4210766714311526,2
0.0,0.0,0.0,0.0,0.0,0.6782536152992994,0.0,0.0,0.0,0.7348278936822077,0.0,0.0,0.0,0
0.8139730843904245,0.0,0.0,0.0,0.0,0.0,0.0,0.0,0.0,0.0,0.0,0.580902588983677,0.0,2
0.0,0.0,0.0,0.0,0.0,0.0,0.0,0.0,0.0,0.0,0.0,0.0,0.0,2
0.0,0.0,0.0,0.0,0.0,0.0,0.0,0.0,0.0,0.0,0.0,1.0,0.0,2
0.4358569808440285,0.6380485281098127,0.0,0.0,0.0,0.0,0.634761977458031,0.0,0.0,0.0,0.0,0.0,0.0,2
0.0,0.0,0.0,0.0,0.0,0.0,0.0,0.0,0.0,0.0,0.0,0.0,0.0,2
0.6504390324077048,0.0,0.0,0.4944278702001751,0.0,0.0,0.0,0.0,0.0,0.0,0.0,0.4641943636067954,0.3420434754318955,2
0.0,0.0,0.0,0.0,1.0,0.0,0.0,0.0,0.0,0.0,0.0,0.0,0.0,2
0.0,0.0,1.0,0.0,0.0,0.0,0.0,0.0,0.0,0.0,0.0,0.0,0.0,2
0.315605564961009,0.4620131718360582,0.0,0.4798118794604684,0.0,0.0,0.4596333690089474,0.0,0.0,0.4954338329562536,0.0,0.0,0.0,0
0.0,0.0,0.0,0.0,0.0,0.0,0.0,0.0,0.0,0.0,0.0,1.0,0.0,2
0.0,0.0,0.0,0.0,0.0,0.6334036644648043,0.0,0.0,0.6224259871796604,0.0,0.0,0.0,0.4597669935151749,1
0.0,0.0,0.0,0.6472648416731213,0.0,0.6168835169495085,0.0,0.0,0.0,0.0,0.0,0.0,0.447775559013525,1
0.0,0.0,0.0,0.0,0.0,0.0,0.0,0.0,0.0,0.0,0.0,0.0,1.0,1
0.2042695158940889,0.2990289697816436,0.0,0.3105488344279716,0.8269918629782136,0.0,0.2974886890471219,0.0,0.0,0.0,0.0,0.0,0.0,2
0.0,0.0,0.0,0.0,0.0,0.0,0.0,0.0,0.0,0.0,0.0,0.0,1.0,1
0.0,0.0,0.0,0.0,0.0,0.0,0.0,0.0,0.0,0.0,0.0,0.0,0.0,2
0.0,0.0,0.0,0.0,0.0,0.0,0.0,0.0,0.0,0.0,0.0,0.805051262775078,0.5932052463559744,1
0.0,0.0,0.0,0.0,0.0,0.0,0.0,0.0,0.0,0.0,0.0,0.0,0.0,2
0.0,0.0,1.0,0.0,0.0,0.0,0.0,0.0,0.0,0.0,0.0,0.0,0.0,2
0.0,0.0,0.0,0.0,0.0,0.0,0.0,0.0,0.0,0.0,0.0,0.0,0.0,2
0.0,0.0,0.0,1.0,0.0,0.0,0.0,0.0,0.0,0.0,0.0,0.0,0.0,2
0.7985347278382217,0.0,0.6019487423662726,0.0,0.0,0.0,0.0,0.0,0.0,0.0,0.0,0.0,0.0,2
0.3209004536553085,0.0,0.4838001849350088,0.0,0.0,0.4649623884689228,0.0,0.4878616440337252,0.456904009055134,0.0,0.0,0.0,0.0,2
0.0,0.0,0.0,0.6956907571681706,0.0,0.0,0.0,0.0,0.0,0.7183414023921896,0.0,0.0,0.0,0
0.771481110634694,0.0,0.3877035175523573,0.0,0.3470407429037614,0.0,0.0,0.0,0.3661496977688135,0.0,0.0,0.0,0.0,2
0.0,0.0,1.0,0.0,0.0,0.0,0.0,0.0,0.0,0.0,0.0,0.0,0.0,2
0.3597171821065592,0.5265879145366545,0.0,0.0,0.0,0.0,0.5238754909865715,0.0,0.0,0.5646797208195387,0.0,0.0,0.0,0
0.0,0.0,0.0,0.0,0.0,0.0,0.0,0.0,0.0,0.0,0.0,0.0,0.0,2
0.0,0.0,0.0,0.0,0.0,0.8092767746300223,0.0,0.0,0.0,0.0,0.0,0.0,0.5874275291850289,1
0.0,0.0,0.0,0.0,0.788753788833772,0.0,0.0,0.0,0.0,0.0,0.0,0.0,0.6147092488326243,1
0.418033165145997,0.0,0.6302406877362631,0.0,0.0,0.0,0.0,0.0,0.0,0.0,0.6542514412362741,0.0,0.0,2
0.0,0.0,0.0,0.747862893460112,0.6638532161445547,0.0,0.0,0.0,0.0,0.0,0.0,0.0,0.0,2
0.0,0.0,0.0,0.0,0.0,0.0,0.0,0.0,0.0,0.0,0.0,0.0,1.0,1
0.5384251207977004,0.0,0.0,0.0,0.0,0.0,0.0,0.0,0.0,0.0,0.8426733585998679,0.0,0.0,2
0.0,0.0,0.0,0.0,0.0,1.0,0.0,0.0,0.0,0.0,0.0,0.0,0.0,2
0.0,0.0,0.0,0.0,0.0,0.0,0.0,0.0,0.0,0.0,0.0,0.0,1.0,1
0.0,0.0,0.0,0.0,0.0,0.0,0.0,0.0,0.0,0.0,0.0,0.5614952099025672,0.8274799872241455,1
0.0,0.0,1.0,0.0,0.0,0.0,0.0,0.0,0.0,0.0,0.0,0.0,0.0,2
0.0,0.0,0.0,0.0,0.0,0.0,0.0,0.0,0.0,0.0,0.0,0.0,1.0,1
0.6869362771285127,0.0,0.0,0.0,0.0,0.0,0.0,0.0,0.4890362967865407,0.0,0.5375519059496728,0.0,0.0,2
0.0,0.0,0.0,0.0,0.0,0.0,0.0,0.0,0.0,0.0,0.0,0.0,1.0,1
0.4685197999466434,0.0,0.0,0.0,0.0,0.0,0.0,0.0,0.0,0.0,0.7332665920316813,0.0,0.4927568386823275,2
0.0,0.0,0.0,0.0,0.0,0.0,0.0,0.0,0.0,0.0,0.0,0.0,1.0,1
0.5495434081712041,0.0,0.0,0.8354651653633306,0.0,0.0,0.0,0.0,0.0,0.0,0.0,0.0,0.0,2
0.0,0.0,0.9560869626716134,0.2410283067124307,0.0,0.0,0.0,0.0,0.0,0.0,0.0,0.0,0.1667425415804473,2
0.7337258523318708,0.0,0.368729823642911,0.3718252773939337,0.0,0.0,0.0,0.0,0.3482308190999771,0.0,0.0,0.0,0.2572274295171896,2
0.2177434240565278,0.3187533464665898,0.656554440026343,0.3310330777900818,0.0,0.0,0.3171114666213516,0.0,0.0,0.0,0.0,0.0,0.4580150563292275,2
0.0,0.0,0.0,0.0,0.0,0.0,0.0,0.0,0.0,0.0,0.0,0.0,0.0,2
0.5241697277147702,0.0,0.0,0.0,0.0,0.0,0.0,0.0,0.7463225660486835,0.0,0.4101813305770169,0.0,0.0,2
0.2725941628253053,0.0,0.0,0.0,0.0,0.0,0.0,0.4144220892027725,0.7762492350583787,0.0,0.0,0.3890808135152157,0.0,2
0.5737979491887136,0.0,0.0,0.0,0.0,0.0,0.0,0.0,0.0,0.0,0.0,0.8189968946869252,0.0,2
0.0,0.0,0.0,0.0,0.0,0.0,0.0,0.0,0.0,0.0,0.0,0.0,0.0,2
0.0,0.0,0.0,0.0,0.0,0.0,0.0,0.0,0.0,0.0,0.0,0.0,0.0,2
0.0,0.0,0.0,0.0,0.0,0.0,0.0,0.0,1.0,0.0,0.0,0.0,0.0,2
0.0,0.0,0.0,0.7290453756769452,0.0,0.0,0.0,0.0,0.0,0.0,0.0,0.6844653681553667,0.0,2
0.3947805574195572,0.0,0.5951842838261694,0.0,0.0,0.0,0.0,0.0,0.0,0.0,0.0,0.5634806660890561,0.4152029849527424,2
0.0,0.0,0.0,0.0,0.0,0.0,0.0,0.0,0.0,0.0,0.0,1.0,0.0,2
0.0,0.0,0.0,0.0,0.0,0.0,0.0,0.0,0.0,0.0,0.0,0.0,1.0,1
0.0,0.0,0.0,0.0,0.0,0.0,0.0,0.0,0.0,0.0,0.0,0.0,0.0,2
0.6997679380874395,0.0,0.6329960347552647,0.0,0.0,0.0,0.0,0.0,0.1992685100182667,0.2196974643266418,0.0,0.0,0.1471935388952553,2
0.1938127393609343,0.0,0.5843970494744083,0.5893030102155553,0.523104839184175,0.0,0.0,0.0,0.0,0.0,0.0,0.0,0.0,2
0.3354298732906723,0.2455169314057192,0.0,0.5099505705822004,0.0,0.0,0.4885045761023997,0.0,0.4775912658197281,0.2632768972767624,0.0,0.0,0.1763910126969539,2
0.0,0.0,0.0,0.0,0.0,0.0,0.0,0.0,0.0,0.0,0.0,0.0,1.0,1
0.6712953802532737,0.4913527236251751,0.0,0.0,0.0,0.0,0.4888217944827335,0.0,0.0,0.0,0.2626561757800777,0.0,0.0,2
0.0,0.0,0.0,0.0,0.0,0.0,0.0,0.0,0.0,0.0,0.0,0.0,0.0,2
0.0,0.0,0.0,0.0,0.0,0.0,0.0,0.0,0.0,0.0,0.0,0.0,0.0,2
0.0,0.0,0.0,0.0,0.0,0.0,0.0,0.0,0.0,0.0,0.0,0.805051262775078,0.5932052463559744,1
0.0,0.0,0.0,0.0,0.0,0.0,0.0,0.0,0.0,0.0,0.0,0.0,0.0,2
0.0,0.0,0.0,0.0,0.0,0.0,0.0,0.0,0.0,0.0,0.0,0.0,0.0,2
0.3786335754149959,0.2771397569664551,0.2854202786592856,0.0,0.0,0.0,0.2757122262869454,0.0,0.5391054970455609,0.0,0.0,0.5404336542637279,0.1991103510051525,2
0.9004747160246346,0.0,0.0,0.0,0.0,0.4349083648314364,0.0,0.0,0.0,0.0,0.0,0.0,0.0,2
0.0,0.0,0.0,0.0,0.0,0.0,0.0,0.6515387320977252,0.6101948418998289,0.0,0.0,0.0,0.4507322214966791,1
0.0,0.0,0.0,0.0,0.0,0.0,0.0,0.0,0.0,0.5980942313810544,0.0,0.0,0.8014257859519531,1
0.0,0.0,0.0,0.0,0.0,0.0,0.0,0.6956907571681706,0.0,0.7183414023921896,0.0,0.0,0.0,0
0.0,0.0,0.0,0.0,0.0,0.0,0.0,0.0,0.0,0.0,0.0,0.0,0.0,2
0.0,0.0,0.0,0.0,0.0,0.0,0.0,0.0,0.0,0.0,0.0,0.0,0.0,2
0.0,0.0,0.0,0.0,0.0,0.0,0.0,0.0,1.0,0.0,0.0,0.0,0.0,2
1.0,0.0,0.0,0.0,0.0,0.0,0.0,0.0,0.0,0.0,0.0,0.0,0.0,2
0.5601291777650642,0.0,0.0,0.4257793007504563,0.0,0.4057940669422138,0.0,0.4257793007504563,0.3987611485032564,0.0,0.0,0.0,0.0,2
0.242726844447224,0.3553264319235752,0.0,0.0,0.6551250828449944,0.0,0.353496166254139,0.0,0.0,0.0,0.0,0.0,0.5105667361198918,1
0.0,0.0,0.0,0.0,0.0,0.0,0.0,0.6515387320977252,0.6101948418998289,0.0,0.0,0.0,0.4507322214966791,1
0.2328917583426095,0.3409289059261011,0.0,0.3540629338871955,0.0,0.6748878474944194,0.339172801071033,0.0,0.0,0.365590690753046,0.0,0.0,0.0,0
0.0,0.0,0.0,0.0,0.0,0.8092767746300223,0.0,0.0,0.0,0.0,0.0,0.0,0.5874275291850289,1
0.0,0.0,0.0,0.0,0.0,0.0,0.0,0.0,0.0,0.0,0.0,0.0,0.0,2
0.0,0.0,0.0,0.0,0.0,0.0,0.0,1.0,0.0,0.0,0.0,0.0,0.0,2
0.0,0.0,0.0,0.0,0.0,0.0,0.0,0.0,0.0,0.0,0.0,0.0,0.0,2
0.0,0.0,0.0,0.0,0.0,0.0,0.0,0.0,0.0,0.0,0.0,0.0,1.0,1
0.0,0.0,0.0,0.0,0.0,0.0,0.0,0.0,0.0,0.0,0.0,0.0,0.0,2
0.0,0.0,0.0,0.0,0.0,0.0,0.0,0.0,0.0,0.0,0.0,0.805051262775078,0.5932052463559744,1
0.0,0.0,0.0,0.0,1.0,0.0,0.0,0.0,0.0,0.0,0.0,0.0,0.0,2
0.2778508901766611,0.0,0.0,0.0,0.0,0.8051731436536073,0.0,0.0,0.0,0.0,0.4348562757774841,0.0,0.2922244188700546,2
0.3600618444940155,0.5270924638238668,0.0,0.0,0.0,0.0,0.524377441369914,0.0,0.0,0.0,0.5635222282235149,0.0,0.0,2
0.0,0.0,0.0,0.0,0.0,1.0,0.0,0.0,0.0,0.0,0.0,0.0,0.0,2
0.0,0.0,0.0,0.0,0.0,0.0,0.0,0.0,0.0,0.0,0.0,0.0,0.0,2
0.0,0.0,0.0,0.0,0.0,0.0,0.0,0.0,0.0,0.0,0.0,0.0,0.0,2
0.0,0.0,0.0,0.0,0.0,0.0,0.0,0.0,0.0,0.0,0.0,0.0,0.0,2
0.0,0.0,1.0,0.0,0.0,0.0,0.0,0.0,0.0,0.0,0.0,0.0,0.0,2
0.0,0.0,0.0,0.0,0.0,0.0,0.0,1.0,0.0,0.0,0.0,0.0,0.0,2
0.0,0.0,0.0,0.0,0.0,0.0,0.0,0.7290453756769452,0.0,0.0,0.0,0.6844653681553667,0.0,2
0.5953667971203342,0.0,0.0,0.0,0.8034540291060062,0.0,0.0,0.0,0.0,0.0,0.0,0.0,0.0,2
0.5942382225275866,0.0,0.0,0.4517071149132531,0.0,0.2152524405299974,0.0,0.0,0.423043693322868,0.4664140195251711,0.0,0.0,0.0,0
0.0,0.0,0.0,0.0,0.0,0.0,0.0,0.0,0.0,0.0,0.0,0.0,1.0,1
0.4358569808440285,0.6380485281098127,0.0,0.0,0.0,0.0,0.634761977458031,0.0,0.0,0.0,0.0,0.0,0.0,2
0.0,0.0,0.0,0.0,0.0,0.5672729957956336,0.0,0.0,0.0,0.0,0.0,0.0,0.8235298101714638,1
0.0,0.0,1.0,0.0,0.0,0.0,0.0,0.0,0.0,0.0,0.0,0.0,0.0,2
0.0,0.0,0.0,0.0,0.788753788833772,0.0,0.0,0.0,0.0,0.0,0.0,0.0,0.6147092488326243,1
0.0,0.0,0.0,0.0,0.0,0.0,0.0,0.0,0.0,0.0,0.0,0.0,1.0,1
1.0,0.0,0.0,0.0,0.0,0.0,0.0,0.0,0.0,0.0,0.0,0.0,0.0,2
0.0,0.0,0.0,0.0,0.0,0.8092767746300223,0.0,0.0,0.0,0.0,0.0,0.0,0.5874275291850289,1
0.0,0.0,0.0,0.0,0.0,0.0,0.0,0.0,0.0,0.0,0.0,0.9383413058918552,0.3457102741562188,2
0.0,0.0,0.0,0.0,0.0,0.0,0.0,0.0,0.0,0.0,0.0,0.0,0.0,2
0.0,0.0,0.0,0.6472648416731213,0.0,0.6168835169495085,0.0,0.0,0.0,0.0,0.0,0.0,0.447775559013525,1
0.0,0.0,0.0,0.0,1.0,0.0,0.0,0.0,0.0,0.0,0.0,0.0,0.0,2
0.0,0.0,0.0,0.0,0.0,0.0,0.0,0.0,0.0,0.0,0.0,0.0,1.0,1
0.0,0.0,0.0,0.0,0.788753788833772,0.0,0.0,0.0,0.0,0.0,0.0,0.0,0.6147092488326243,1
0.3238539827468446,0.4740879832049061,0.0,0.0,0.4370445052336163,0.0,0.4716459837306344,0.0,0.0,0.0,0.5068543661798491,0.0,0.0,2
0.1910623999288271,0.2796951486601083,0.0,0.2904701924866373,0.0,0.0,0.2782544553074377,0.5809403849732747,0.5440763670651941,0.2999274652912218,0.0,0.0,0.0,2
0.0,0.0,0.0,0.0,0.0,0.0,0.0,0.0,0.0,0.0,0.0,0.0,1.0,1
0.0,0.0,0.0,0.0,0.0,0.0,0.0,0.0,0.8043533858037615,0.0,0.0,0.0,0.5941511850918294,1
0.0,0.0,0.0,0.0,0.0,0.0,0.0,0.0,0.0,0.0,0.0,0.805051262775078,0.5932052463559744,1
0.0,0.0,0.0,0.0,0.0,0.0,0.0,0.0,0.0,0.0,0.0,0.0,0.0,2
0.0,0.0,0.0,0.0,0.0,0.0,0.0,0.0,0.0,0.0,0.0,0.0,1.0,1
0.0,0.0,0.0,0.0,0.0,0.0,0.0,0.0,0.0,1.0,0.0,0.0,0.0,0
0.0,0.0,0.0,0.0,0.0,0.0,0.0,0.0,0.0,0.0,0.0,0.0,0.0,2
0.5384251207977004,0.0,0.0,0.0,0.0,0.0,0.0,0.0,0.0,0.0,0.8426733585998679,0.0,0.0,2
0.0,0.0,0.0,0.0,0.0,0.0,0.0,0.0,0.0,1.0,0.0,0.0,0.0,0
0.0,0.0,0.0,0.0,0.0,0.0,0.0,0.0,0.0,0.0,0.0,0.0,0.0,2
0.8146481248049566,0.0,0.0,0.0,0.0,0.0,0.0,0.0,0.5799555437719065,0.0,0.0,0.0,0.0,2
0.5495434081712041,0.0,0.0,0.0,0.0,0.0,0.0,0.8354651653633306,0.0,0.0,0.0,0.0,0.0,2
1.0,0.0,0.0,0.0,0.0,0.0,0.0,0.0,0.0,0.0,0.0,0.0,0.0,2
0.0,0.0,0.0,0.0,0.0,0.0,0.0,0.7298851847180353,0.6835697602506415,0.0,0.0,0.0,0.0,2
0.0,0.0,0.0,0.0,0.8333229790799697,0.4473572010823435,0.0,0.0,0.0,0.0,0.0,0.0,0.3247219536419676,1
0.0,0.0,0.0,0.0,0.0,0.8092767746300223,0.0,0.0,0.0,0.0,0.0,0.0,0.5874275291850289,1
0.0,0.0,0.0,0.0,0.0,0.5672729957956336,0.0,0.0,0.0,0.0,0.0,0.0,0.8235298101714638,1
0.0,0.0,0.0,0.0,0.0,0.0,0.0,1.0,0.0,0.0,0.0,0.0,0.0,2
