battery,battery life,charge,come,good,great,life,like,new,screen,unlocked battery,use,work
0.0,0.0,0.0,0.6125560982011773,0.543745838195541,0.0,0.0,0.0,0.5736858809501748,0.0,0.0,0.0,0.0
0.0,0.0,0.0,0.0,0.0,1.0,0.0,0.0,0.0,0.0,0.0,0.0,0.0
0.0,0.0,0.0,0.0,0.0,0.8092767746300223,0.0,0.0,0.0,0.0,0.0,0.0,0.5874275291850289
0.0,0.0,0.0,0.0,0.0,0.5275266840749229,0.0,0.5535072120820647,0.5183839872104048,0.0,0.0,0.0,0.3829143580043713
0.41803316514599703,0.0,0.6302406877362631,0.0,0.0,0.0,0.0,0.0,0.0,0.0,0.6542514412362741,0.0,0.0
0.0,0.0,1.0,0.0,0.0,0.0,0.0,0.0,0.0,0.0,0.0,0.0,0.0
0.0,0.0,0.0,0.0,0.0,0.0,0.0,0.0,0.0,0.0,0.0,0.0,0.0
0.5495434081712041,0.0,0.0,0.8354651653633306,0.0,0.0,0.0,0.0,0.0,0.0,0.0,0.0,0.0
0.0,0.0,0.0,0.6956907571681706,0.0,0.0,0.0,0.0,0.0,0.7183414023921896,0.0,0.0,0.0
0.0,0.0,0.0,0.0,0.0,0.0,0.0,0.0,0.0,0.0,0.0,0.0,0.0
0.0,0.0,0.8201540242416191,0.0,0.0,0.0,0.0,0.0,0.0,0.0,0.0,0.0,0.5721427938201071
0.0,0.0,0.0,0.0,0.0,0.0,0.0,0.0,0.0,0.0,0.0,0.0,0.0
0.0,0.0,0.0,0.0,0.0,0.0,0.0,0.0,0.0,0.0,0.0,0.0,0.0
0.0,0.0,0.0,0.0,0.0,0.0,0.0,0.0,0.9380648003886978,0.0,0.0,0.0,0.346459853766223
0.5384251207977004,0.0,0.0,0.0,0.0,0.0,0.0,0.0,0.0,0.0,0.8426733585998679,0.0,0.0
0.18261662553562766,0.2673314280885274,0.0,0.0,0.24644314106533433,0.26459876081816097,0.26595441953742405,0.832890506824268,0.0,0.0,0.0,0.0,0.0
0.0,0.0,0.0,0.0,0.0,0.0,0.0,0.0,0.0,0.0,0.0,0.0,0.0
0.0,0.0,0.0,0.6472648416731213,0.0,0.6168835169495085,0.0,0.0,0.0,0.0,0.0,0.0,0.447775559013525
0.5384251207977004,0.0,0.0,0.0,0.0,0.0,0.0,0.0,0.0,0.0,0.8426733585998679,0.0,0.0
0.0,0.0,0.0,0.0,0.0,0.0,0.0,0.0,0.0,0.0,0.0,0.0,0.0
0.0,0.0,0.0,0.0,0.6518985504029212,0.0,0.0,0.0,0.0,0.7583061914441749,0.0,0.0,0.0
0.0,0.0,0.0,0.0,0.0,0.0,0.0,0.0,0.0,0.0,0.0,0.0,1.0
0.0,0.0,0.0,0.8266065137015275,0.36687566491495194,0.0,0.0,0.0,0.0,0.4267597895765467,0.0,0.0,0.0
0.0,0.0,0.0,0.0,0.0,0.0,0.0,0.0,0.0,0.0,0.0,0.0,0.0
0.0,0.0,0.0,0.0,0.0,0.0,0.0,0.0,0.0,0.0,0.0,0.0,0.0
0.0,0.0,0.0,0.0,0.0,0.0,0.0,0.0,0.0,0.0,0.0,0.0,0.0
0.4685197999466434,0.0,0.0,0.0,0.0,0.0,0.0,0.0,0.0,0.0,0.7332665920316813,0.0,0.49275683868232756
0.0,0.0,0.0,0.0,0.0,0.0,0.0,0.0,0.0,0.0,0.0,0.0,0.0
0.26514574748958686,0.0,0.7994850752562732,0.40309834032757513,0.3578170972100324,0.0,0.0,0.0,0.0,0.0,0.0,0.0,0.0
0.4876286977805191,0.0,0.0,0.0,0.0,0.7065399921483408,0.0,0.0,0.0,0.0,0.0,0.0,0.5128542605808183
0.0,0.0,0.0,0.0,0.0,1.0,0.0,0.0,0.0,0.0,0.0,0.0,0.0
0.0,0.0,0.0,0.0,0.0,0.0,0.0,0.0,0.0,0.0,0.0,0.0,0.0
0.36425314805722586,0.5332280890103422,0.5491601472852259,0.0,0.0,0.0,0.5304814623098983,0.0,0.0,0.0,0.0,0.0,0.0
0.6676361729116617,0.0,0.6710336497288821,0.0,0.0,0.32245275863513023,0.0,0.0,0.0,0.0,0.0,0.0,0.0
0.4358569808440285,0.6380485281098127,0.0,0.0,0.0,0.0,0.634761977458031,0.0,0.0,0.0,0.0,0.0,0.0
0.3637356446101509,0.0,0.5483799418958365,0.0,0.49086524576953894,0.0,0.0,0.0,0.0,0.5709878550914783,0.0,0.0,0.0
0.0,0.0,0.0,0.0,0.0,0.0,0.0,0.0,0.0,0.0,0.0,0.0,1.0
0.0,0.0,0.0,0.0,0.0,0.0,0.0,0.0,0.0,0.0,0.0,0.0,0.0
0.0,0.0,0.9133697358962075,0.0,0.0,0.0,0.0,0.0,0.28753075276085105,0.0,0.0,0.2882391225452757,0.0
0.0,0.0,0.0,0.0,0.0,0.0,0.0,0.0,0.0,0.0,0.0,0.0,1.0
0.6957225519184569,0.5092321216982246,0.0,0.0,0.0,0.0,0.5066090968219922,0.0,0.0,0.0,0.0,0.0,0.0
0.0,0.0,0.0,0.0,0.0,0.48745944998790425,0.0,0.5114666789586344,0.0,0.0,0.0,0.0,0.707661727757348
0.0,0.0,0.0,0.0,1.0,0.0,0.0,0.0,0.0,0.0,0.0,0.0,0.0
0.3238539827468446,0.47408798320490614,0.0,0.0,0.4370445052336163,0.0,0.47164598373063443,0.0,0.0,0.0,0.5068543661798491,0.0,0.0
0.3147857033401635,0.0,0.94916276842944,0.0,0.0,0.0,0.0,0.0,0.0,0.0,0.0,0.0,0.0
0.0,0.0,0.0,0.0,0.0,0.0,0.0,0.0,0.0,0.0,0.0,0.0,0.0
0.33644439809571,0.49251901984008506,0.0,0.0,0.0,0.0,0.4899820831740518,0.0,0.0,0.5281463834321497,0.0,0.0,0.3538490326703391
0.0,0.0,0.0,0.0,0.0,0.0,0.0,0.0,0.0,0.0,0.0,1.0,0.0
0.34446017556728087,0.0,0.7789794065913093,0.0,0.0,0.0,0.0,0.0,0.0,0.0,0.0,0.49165706244121427,0.18113973751357235
0.0,0.0,0.0,0.0,0.0,0.0,0.0,0.4709620035286508,0.8821534964122054,0.0,0.0,0.0,0.0
0.3600618444940155,0.5270924638238668,0.0,0.0,0.0,0.0,0.524377441369914,0.0,0.0,0.0,0.5635222282235149,0.0,0.0
0.0,0.0,1.0,0.0,0.0,0.0,0.0,0.0,0.0,0.0,0.0,0.0,0.0
0.0,0.0,0.0,0.0,0.0,0.0,0.0,0.0,1.0,0.0,0.0,0.0,0.0
0.41749405441731285,0.0,0.6294279064912792,0.0,0.0,0.0,0.0,0.0,0.0,0.6553771624463272,0.0,0.0,0.0
0.0,0.0,0.0,0.0,0.0,0.0,0.0,0.0,0.8043533858037615,0.0,0.0,0.0,0.5941511850918294
0.0,0.0,1.0,0.0,0.0,0.0,0.0,0.0,0.0,0.0,0.0,0.0,0.0
0.0,0.0,0.0,0.0,0.0,0.0,0.0,0.0,0.0,0.0,0.0,0.0,0.0
0.32615341709919726,0.4774541119317254,0.0,0.0,0.0,0.4725735663329279,0.4749947737252511,0.0,0.0,0.0,0.0,0.4655273449015425,0.0
0.0,0.0,0.0,0.0,1.0,0.0,0.0,0.0,0.0,0.0,0.0,0.0,0.0
0.0,0.0,0.7210043671813255,0.0,0.0,0.6929305178049646,0.0,0.0,0.0,0.0,0.0,0.0,0.0
0.0,0.0,0.0,0.0,0.0,0.0,0.0,0.0,0.0,0.0,0.0,0.0,0.0
0.0,0.0,0.0,0.0,0.0,0.0,0.0,0.0,0.0,0.0,0.0,0.805051262775078,0.5932052463559744
0.0,0.0,0.0,0.0,0.0,0.0,0.0,0.0,0.0,0.0,0.0,0.0,0.0
0.0,0.0,0.7210043671813255,0.0,0.0,0.6929305178049646,0.0,0.0,0.0,0.0,0.0,0.0,0.0
0.0,0.0,0.0,0.0,0.0,0.0,0.0,0.0,0.0,0.0,0.0,0.0,0.0
0.0,0.0,0.0,0.0,0.0,0.35157986721443774,0.0,0.36889506825100676,0.0,0.0,0.0,0.6926754002565967,0.5104006421125731
0.0,0.0,0.0,0.0,0.0,0.7123978743304342,0.0,0.0,0.0,0.0,0.0,0.7017757965685898,0.0
0.0,0.0,0.0,0.0,0.0,0.0,0.0,0.0,0.0,0.0,0.0,0.0,0.0
0.0,0.0,0.0,0.0,0.0,0.0,0.0,0.0,0.0,0.0,0.0,0.0,0.0
0.0,0.0,0.0,0.0,1.0,0.0,0.0,0.0,0.0,0.0,0.0,0.0,0.0
0.38226649871118806,0.0,0.5763176731734474,0.0,0.0,0.0,0.0,0.0,0.0,0.6000773677442864,0.0,0.0,0.4020415603791742
0.5747449945474984,0.0,0.0,0.0,0.0,0.0,0.0,0.0,0.8183325676291983,0.0,0.0,0.0,0.0
0.2823768598211309,0.0,0.8514414700676772,0.0,0.0,0.0,0.0,0.0,0.0,0.0,0.4419397380713235,0.0,0.0
0.6110353783574919,0.4472455884829975,0.0,0.0,0.0,0.0,0.44494185261405067,0.0,0.0,0.0,0.4781567711226,0.0,0.0
0.0,0.0,0.0,0.0,0.0,0.0,0.0,0.0,0.0,0.0,0.0,0.0,1.0
0.0,0.0,0.0,0.0,0.0,0.5373764020808582,0.0,0.0,0.528062997290755,0.0,0.0,0.5293639498600429,0.3900639459979735
0.0,0.0,0.0,0.0,0.0,0.0,0.0,0.0,0.0,0.0,0.0,1.0,0.0
0.0,0.0,0.0,0.0,0.4282496940653192,0.0,0.0,0.0,0.9036604448203764,0.0,0.0,0.0,0.0
0.7780846929616776,0.0,0.0,0.0,0.5250169177803634,0.0,0.0,0.0,0.0,0.0,0.0,0.2776451833960206,0.20458396506111876
0.0,0.0,0.0,0.6515387320977252,0.0,0.0,0.0,0.0,0.6101948418998289,0.0,0.0,0.0,0.4507322214966791
0.31511195914947343,0.0,0.47507325831175645,0.0,0.0,0.0,0.0,0.47906145564530295,0.0,0.0,0.49317248154779114,0.4497675817542086,0.0
0.6264227877211099,0.0,0.47220790294131043,0.0,0.4226822146890868,0.45382147680449386,0.0,0.0,0.0,0.0,0.0,0.0,0.0
0.0,0.0,0.0,0.0,0.0,0.0,0.0,0.0,0.0,0.0,0.0,0.0,0.0
0.0,0.0,0.0,0.0,1.0,0.0,0.0,0.0,0.0,0.0,0.0,0.0,0.0
0.7666473993013668,0.0,0.0,0.29138152997057737,0.0,0.0,0.0,0.0,0.0,0.0,0.29996433760093233,0.2735639959307024,0.4031534514729061
0.32622627933664905,0.47756077454217816,0.0,0.0,0.4402459455264441,0.0,0.4751008869228357,0.4959584417887285,0.0,0.0,0.0,0.0,0.0
0.0,0.0,0.0,0.0,0.0,0.8092767746300223,0.0,0.0,0.0,0.0,0.0,0.0,0.5874275291850289
0.0,0.0,0.0,0.0,0.0,0.0,0.0,0.0,0.0,0.0,0.0,0.0,0.0
0.7724078650353573,0.3769078107776621,0.0,0.0,0.3474576313165327,0.0,0.37496638068794363,0.0,0.0,0.0,0.0,0.0,0.0
0.0,0.0,0.0,0.0,0.0,0.0,0.0,0.0,0.0,0.0,0.0,0.0,0.0
0.0,0.0,0.0,0.8223888850579308,0.0,0.0,0.0,0.0,0.0,0.0,0.0,0.0,0.5689257611790605
0.44306215447618974,0.0,0.6679752235673978,0.0,0.5979172417408632,0.0,0.0,0.0,0.0,0.0,0.0,0.0,0.0
0.0,0.0,0.0,0.0,0.6870218269763154,0.0,0.0,0.0,0.0,0.0,0.0,0.7266367794559575,0.0
0.0,0.0,0.0,0.0,0.0,0.0,0.0,0.0,0.0,0.0,0.0,0.0,0.0
0.3523666725743028,0.0,0.0,0.0,0.47552269318989043,0.5105547462796005,0.0,0.0,0.5017061943126779,0.0,0.0,0.0,0.370594983722135
0.0,0.0,0.0,0.0,0.0,0.0,0.0,0.0,0.0,0.0,0.0,0.0,1.0
0.4358569808440285,0.6380485281098127,0.0,0.0,0.0,0.0,0.634761977458031,0.0,0.0,0.0,0.0,0.0,0.0
0.0,0.0,0.0,0.0,0.0,0.0,0.0,0.4358257112517775,0.0,0.900031082469868,0.0,0.0,0.0
0.0,0.0,0.0,0.7238916798801144,0.0,0.6899136437267682,0.0,0.0,0.0,0.0,0.0,0.0,0.0
1.0,0.0,0.0,0.0,0.0,0.0,0.0,0.0,0.0,0.0,0.0,0.0,0.0
0.0,0.0,0.0,0.0,0.0,1.0,0.0,0.0,0.0,0.0,0.0,0.0,0.0
0.0,0.0,0.0,0.0,0.0,0.0,0.0,0.0,0.0,0.0,0.0,0.0,1.0
0.0,0.0,0.0,0.0,0.0,0.8092767746300223,0.0,0.0,0.0,0.0,0.0,0.0,0.5874275291850289
0.0,0.0,0.0,0.0,0.0,0.0,0.0,0.0,0.0,0.0,0.0,0.0,0.0
0.0,0.0,0.0,0.0,0.0,1.0,0.0,0.0,0.0,0.0,0.0,0.0,0.0
0.0,0.0,0.0,0.0,0.0,0.0,0.0,1.0,0.0,0.0,0.0,0.0,0.0
0.2706182986540636,0.3961565713630182,0.0,0.0,0.7304047301766933,0.0,0.3941159920332956,0.0,0.0,0.0,0.0,0.0,0.2846176775230259
0.0,0.0,0.0,0.0,0.6638532161445547,0.0,0.0,0.747862893460112,0.0,0.0,0.0,0.0,0.0
0.0,0.0,0.0,0.0,0.0,0.0,0.0,0.0,0.0,0.0,0.0,0.0,0.0
0.0,0.0,0.0,0.0,0.0,0.0,0.0,0.0,0.0,0.0,0.0,0.0,0.0
0.0,0.0,0.0,0.0,1.0,0.0,0.0,0.0,0.0,0.0,0.0,0.0,0.0
0.0,0.0,0.0,0.0,0.0,0.0,0.0,0.0,0.0,1.0,0.0,0.0,0.0
0.0,0.0,0.0,0.5716887793945661,0.0,0.0,0.0,0.19056292646485534,0.0,0.7870694755119961,0.0,0.0,0.1318307676104962
0.0,0.0,0.0,0.0,0.0,0.0,0.0,0.0,0.0,0.0,0.0,0.0,0.0
0.0,0.0,0.0,0.0,1.0,0.0,0.0,0.0,0.0,0.0,0.0,0.0,0.0
0.3262057522236853,0.0,0.0,0.0,0.0,0.9452987925604155,0.0,0.0,0.0,0.0,0.0,0.0,0.0
0.0,0.0,0.0,0.0,1.0,0.0,0.0,0.0,0.0,0.0,0.0,0.0,0.0
0.0,0.0,0.0,0.0,0.0,0.0,0.0,0.0,0.0,0.0,0.0,0.0,0.0
0.0,0.0,0.0,0.0,0.0,0.0,0.0,0.0,0.0,0.0,0.0,0.0,0.0
0.0,0.0,0.0,0.0,0.0,0.0,0.0,0.0,0.0,0.0,0.0,0.0,0.0
0.0,0.0,0.0,0.0,0.0,0.0,0.0,0.0,0.0,1.0,0.0,0.0,0.0
0.5384251207977004,0.0,0.0,0.0,0.0,0.0,0.0,0.0,0.0,0.0,0.8426733585998679,0.0,0.0
0.0,0.0,0.0,0.0,0.0,0.0,0.0,0.0,0.0,0.0,0.0,0.0,0.0
0.6942010551207972,0.0,0.5233002867772107,0.0,0.0,0.0,0.0,0.0,0.4942081595118201,0.0,0.0,0.0,0.0
0.4755811171890379,0.0,0.0,0.4820140390586857,0.2139339796466331,0.0,0.0,0.0,0.22571373417044746,0.0,0.0,0.0,0.6669112607258517
0.0,0.0,0.0,0.0,0.0,0.0,0.0,0.0,0.0,0.0,0.0,0.0,0.0
1.0,0.0,0.0,0.0,0.0,0.0,0.0,0.0,0.0,0.0,0.0,0.0,0.0
0.0,0.0,0.0,0.0,0.0,0.0,0.0,0.0,0.0,0.0,0.0,0.0,0.0
0.0,0.0,0.0,0.0,1.0,0.0,0.0,0.0,0.0,0.0,0.0,0.0,0.0
0.3186557498202113,0.4664783199130906,0.4804159948593199,0.0,0.0,0.0,0.4640755173693809,0.48444904398631095,0.0,0.0,0.0,0.0,0.0
0.0,0.0,0.8620245210666898,0.0,0.0,0.0,0.0,0.0,0.0,0.0,0.0,0.40805357644290746,0.3006759116256178
0.0,0.0,0.0,0.0,0.0,0.0,0.0,0.0,0.0,0.0,0.0,0.0,1.0
0.0,0.0,0.0,0.0,0.0,0.0,0.0,0.0,0.0,0.0,0.0,0.0,0.0
0.0,0.0,0.0,0.0,0.788753788833772,0.0,0.0,0.0,0.0,0.0,0.0,0.0,0.6147092488326243
0.0,0.0,0.0,0.6472648416731213,0.0,0.6168835169495085,0.0,0.0,0.0,0.0,0.0,0.0,0.447775559013525
0.0,0.0,0.0,0.0,0.0,0.0,0.0,0.0,0.8043533858037615,0.0,0.0,0.0,0.5941511850918294
0.0,0.0,0.0,0.5092540665950518,0.0,0.4853506932493726,0.0,0.0,0.0,0.5258346134436066,0.0,0.47811396081203145,0.0
0.0,0.0,0.0,0.0,0.0,0.0,0.0,0.0,0.0,0.0,0.0,0.0,1.0
0.0,0.0,0.0,0.0,0.0,0.0,0.0,1.0,0.0,0.0,0.0,0.0,0.0
0.4358569808440285,0.6380485281098127,0.0,0.0,0.0,0.0,0.634761977458031,0.0,0.0,0.0,0.0,0.0,0.0
0.0,0.0,0.0,0.0,0.0,0.0,0.0,0.0,0.0,0.0,0.0,0.0,0.0
0.5152602656797892,0.0,0.0,0.7833448580593416,0.34767469272810614,0.0,0.0,0.0,0.0,0.0,0.0,0.0,0.0
1.0,0.0,0.0,0.0,0.0,0.0,0.0,0.0,0.0,0.0,0.0,0.0,0.0
0.4358569808440285,0.6380485281098127,0.0,0.0,0.0,0.0,0.634761977458031,0.0,0.0,0.0,0.0,0.0,0.0
0.0,0.0,0.0,0.0,0.0,0.0,0.0,0.0,0.0,0.0,0.0,1.0,0.0
0.0,0.0,0.0,0.0,0.0,0.0,0.0,0.0,0.0,0.0,0.0,0.0,1.0
0.0,0.0,0.905338633044911,0.0,0.0,0.0,0.0,0.0,0.0,0.3142209289096352,0.0,0.28570468556104917,0.0
0.0,0.0,0.0,0.0,0.0,0.0,0.0,0.0,0.0,0.0,0.0,0.0,0.0
0.0,0.0,0.0,0.0,0.0,0.0,0.0,0.0,0.0,0.0,0.0,0.0,1.0
0.0,0.0,0.8201540242416191,0.0,0.0,0.0,0.0,0.0,0.0,0.0,0.0,0.0,0.5721427938201071
0.0,0.0,0.0,0.0,0.788753788833772,0.0,0.0,0.0,0.0,0.0,0.0,0.0,0.6147092488326243
0.0,0.0,0.0,0.0,0.0,0.0,0.0,0.0,0.0,0.0,0.0,0.0,0.0
1.0,0.0,0.0,0.0,0.0,0.0,0.0,0.0,0.0,0.0,0.0,0.0,0.0
0.0,0.0,0.0,0.0,0.0,0.0,0.0,0.0,0.0,0.0,0.0,1.0,0.0
0.0,0.0,0.0,0.0,0.0,0.0,0.0,0.0,0.0,0.0,0.0,0.0,0.0
0.0,0.0,0.0,0.0,0.0,0.0,0.0,0.0,0.0,0.0,0.0,0.0,0.0
0.0,0.0,0.0,0.0,0.0,1.0,0.0,0.0,0.0,0.0,0.0,0.0,0.0
0.0,0.0,0.0,0.0,0.0,0.0,0.0,0.0,0.0,0.0,0.0,0.0,0.0
0.0,0.0,0.0,0.0,0.0,0.0,0.0,0.0,0.0,0.0,0.0,0.0,0.0
0.3660815205098786,0.0,0.0,0.0,0.0,0.0,0.0,0.0,0.0,0.0,0.0,0.5225177763771551,0.7700386313108251
0.5384251207977004,0.0,0.0,0.0,0.0,0.0,0.0,0.0,0.0,0.0,0.8426733585998679,0.0,0.0
0.0,0.0,0.0,0.0,0.0,0.0,0.0,0.0,0.0,0.0,0.0,0.0,1.0
0.0,0.0,0.0,0.0,0.0,0.0,0.0,0.0,0.0,0.0,0.0,0.0,1.0
0.3793806326821821,0.0,0.0,0.0,0.5119783289353914,0.5496960914247695,0.0,0.0,0.5401691710182308,0.0,0.0,0.0,0.0
0.37033958641219633,0.5421379911215802,0.0,0.0,0.0,0.0,0.5393454700364604,0.0,0.5272963618970364,0.0,0.0,0.0,0.0
0.2822936507227089,0.4132480521238339,0.0,0.0,0.7619167617718586,0.0,0.4111194355763142,0.0,0.0,0.0,0.0,0.0,0.0
0.0,0.0,0.0,0.0,0.0,0.0,0.0,0.0,0.0,0.0,0.0,0.0,0.0
0.0,0.0,0.0,0.0,0.0,0.0,0.0,0.0,0.0,0.0,0.0,0.0,0.0
0.3600618444940155,0.5270924638238668,0.0,0.0,0.0,0.0,0.524377441369914,0.0,0.0,0.0,0.5635222282235149,0.0,0.0
0.3238539827468446,0.47408798320490614,0.0,0.0,0.4370445052336163,0.0,0.47164598373063443,0.0,0.0,0.0,0.5068543661798491,0.0,0.0
0.5384251207977004,0.0,0.0,0.0,0.0,0.0,0.0,0.0,0.0,0.0,0.8426733585998679,0.0,0.0
0.6220462960406234,0.0,0.4689088308143195,0.0,0.0,0.0,0.0,0.0,0.4428405183623459,0.0,0.0,0.4439315141584991,0.0
0.0,0.0,0.0,0.0,0.3949026076153708,0.0,0.0,0.0,0.0,0.9187229889899242,0.0,0.0,0.0
0.0,0.0,0.0,0.0,0.0,0.0,0.0,0.0,0.0,1.0,0.0,0.0,0.0
0.0,0.0,0.0,0.0,0.0,0.0,0.0,0.0,0.0,0.0,0.0,0.0,0.0
0.0,0.0,0.0,0.0,0.0,0.0,0.0,0.0,0.0,0.0,0.0,0.0,0.0
0.0,0.0,0.0,0.0,1.0,0.0,0.0,0.0,0.0,0.0,0.0,0.0,0.0
0.0,0.0,0.0,0.0,0.0,0.0,0.0,0.0,0.0,1.0,0.0,0.0,0.0
0.0,0.0,1.0,0.0,0.0,0.0,0.0,0.0,0.0,0.0,0.0,0.0,0.0
0.5221848228332742,0.382211679809348,0.3936315935040026,0.0,0.35234707567896273,0.0,0.3802429298004461,0.3969360953763899,0.0,0.0,0.0,0.0,0.0
0.0,0.0,0.0,0.0,0.0,0.0,0.0,0.0,0.0,0.0,0.0,0.0,1.0
0.49988677103432483,0.0,0.3768229516633001,0.0,0.0,0.36215054291228527,0.0,0.0,0.3558740213009209,0.392358130707007,0.0,0.3567507637061444,0.2628732286469456
0.0,0.0,0.0,0.0,0.0,0.0,0.0,0.0,0.0,0.0,0.0,0.0,0.0
1.0,0.0,0.0,0.0,0.0,0.0,0.0,0.0,0.0,0.0,0.0,0.0,0.0
0.35921840778739217,0.0,0.5415696055895084,0.0,0.0,0.0,0.0,0.0,0.5114618218045837,0.0,0.5622021901813008,0.0,0.0
0.0,0.0,0.0,0.0,0.788753788833772,0.0,0.0,0.0,0.0,0.0,0.0,0.0,0.6147092488326243
0.0,0.0,0.0,0.0,0.0,0.85338327212803,0.0,0.0,0.4192965366293777,0.0,0.0,0.0,0.3097214962230838
0.0,0.0,0.0,0.0,0.0,0.0,0.0,0.0,0.0,0.0,0.0,0.0,1.0
0.0,0.0,0.0,0.0,0.0,0.0,0.0,0.0,0.0,0.0,0.0,0.0,0.0
0.0,0.0,0.0,1.0,0.0,0.0,0.0,0.0,0.0,0.0,0.0,0.0,0.0
0.7164297056216727,0.34959244221262425,0.0,0.0,0.3222765844165924,0.0,0.3477917119888345,0.0,0.0,0.0,0.3737543704885695,0.0,0.0
0.0,0.0,0.0,0.0,0.0,0.0,0.0,0.0,0.8043533858037615,0.0,0.0,0.0,0.5941511850918294
0.0,0.0,0.0,0.0,0.0,0.8092767746300223,0.0,0.0,0.0,0.0,0.0,0.0,0.5874275291850289
0.6717010599126527,0.32776643979036163,0.3375596110934396,0.0,0.0,0.3244160046067997,0.32607813402854685,0.3403933937097459,0.0,0.0,0.0,0.0,0.0
0.0,0.0,1.0,0.0,0.0,0.0,0.0,0.0,0.0,0.0,0.0,0.0,0.0
0.2805043830149768,0.0,0.0,0.0,0.7570874889407907,0.0,0.0,0.0,0.0,0.0,0.0,0.0,0.5900303595567904
0.0,0.0,0.0,0.0,0.0,0.0,0.0,0.0,0.0,0.0,0.0,0.0,1.0
0.28250604351955494,0.4135589727178928,0.0,0.4294910190091382,0.3812450072970836,0.0,0.4114287546365774,0.0,0.4022373368316786,0.0,0.0,0.0,0.29712038835754917
0.0,0.0,0.0,0.0,0.0,0.0,0.0,0.0,0.0,0.0,0.0,0.805051262775078,0.5932052463559744
0.3147857033401635,0.0,0.94916276842944,0.0,0.0,0.0,0.0,0.0,0.0,0.0,0.0,0.0,0.0
0.5384251207977004,0.0,0.0,0.0,0.0,0.0,0.0,0.0,0.0,0.0,0.8426733585998679,0.0,0.0
0.0,0.0,0.0,0.0,0.0,0.0,0.0,0.0,0.0,0.0,0.0,0.0,0.0
0.8935159543651534,0.0,0.44903144577515836,0.0,0.0,0.0,0.0,0.0,0.0,0.0,0.0,0.0,0.0
0.0,0.0,0.0,0.0,0.0,0.0,0.0,0.0,0.0,0.0,0.0,0.0,0.0
0.0,0.0,0.0,0.0,0.0,0.0,0.0,0.0,0.0,0.525425811112401,0.0,0.477742258195344,0.704052591608957
0.0,0.0,0.0,0.0,0.0,0.0,0.0,0.0,0.0,0.0,0.0,0.0,1.0
0.43436334615004235,0.0,0.6548606111417488,0.0,0.0,0.0,0.0,0.0,0.6184545767446415,0.0,0.0,0.0,0.0
0.0,0.0,0.0,0.0,0.0,0.0,0.0,0.0,0.0,0.0,0.0,0.0,0.0
0.0,0.0,0.0,0.0,0.6815556528286221,0.7317662824272178,0.0,0.0,0.0,0.0,0.0,0.0,0.0
0.0,0.0,0.0,0.0,0.0,0.0,0.0,0.0,0.0,0.0,0.0,0.0,0.0
0.6079647574778255,0.2966653709053704,0.3055292887574411,0.0,0.0,0.0,0.5902745298608486,0.0,0.0,0.0,0.31716926786722927,0.0,0.0
0.0,0.0,0.0,0.0,0.0,0.0,0.0,0.0,0.0,0.0,0.0,0.0,0.0
0.6615653114904,0.0,0.0,0.33525696917635683,0.0,0.0,0.0,0.33525696917635683,0.31398298094072297,0.3461724321021606,0.34513215266333713,0.0,0.0
0.0,0.0,0.0,0.0,0.0,0.0,0.0,0.0,0.0,0.0,0.0,0.805051262775078,0.5932052463559744
0.0,0.0,0.0,0.0,0.0,0.0,0.0,0.0,0.0,0.0,0.0,0.0,0.0
0.0,0.0,0.831300353278584,0.0,0.0,0.0,0.0,0.0,0.39254270251359846,0.0,0.0,0.3935097830324198,0.0
0.0,0.0,0.0,0.0,0.0,0.0,0.0,1.0,0.0,0.0,0.0,0.0,0.0
1.0,0.0,0.0,0.0,0.0,0.0,0.0,0.0,0.0,0.0,0.0,0.0,0.0
0.3679851053080489,0.0,0.0,0.0,0.4965999396351824,0.5331847666030499,0.0,0.0,0.0,0.5776586075600435,0.0,0.0,0.0
0.6287265465844158,0.3067963921367949,0.0,0.0,0.0,0.607320626409823,0.3052161018640024,0.0,0.0,0.0,0.0,0.0,0.22041708484598801
0.0,0.0,0.31688382909669927,0.0,0.0,0.0,0.0,0.0,0.2992671280985011,0.0,0.0,0.9000132359563883,0.0
0.0,0.0,0.0,0.0,0.0,0.0,0.0,0.0,1.0,0.0,0.0,0.0,0.0
0.3192299067902042,0.4673188250001,0.0,0.0,0.0,0.4625418825095187,0.4649116930638445,0.0,0.0,0.0,0.49961736057537426,0.0,0.0
0.0,0.0,0.6057959107957565,0.0,0.542259364211801,0.5822079494371003,0.0,0.0,0.0,0.0,0.0,0.0,0.0
0.6212692733567967,0.4547362585056414,0.0,0.0,0.0,0.45008793526451557,0.4523939386335026,0.0,0.0,0.0,0.0,0.0,0.0
0.0,0.0,0.0,0.0,0.0,0.0,0.0,0.0,0.0,0.0,0.0,0.0,0.0
0.0,0.0,0.0,0.0,0.788753788833772,0.0,0.0,0.0,0.0,0.0,0.0,0.0,0.6147092488326243
0.17353774633422822,0.25404090902853177,0.0,0.2638276426977672,0.0,0.7543322931392372,0.2527323591638054,0.2638276426977672,0.0,0.0,0.0,0.0,0.3650300853259493
0.3600618444940155,0.5270924638238668,0.0,0.0,0.0,0.0,0.524377441369914,0.0,0.0,0.0,0.5635222282235149,0.0,0.0
0.0,0.0,0.0,0.0,0.0,0.0,0.0,0.0,0.0,0.8307765565794711,0.0,0.0,0.556606066296404
0.794920328633057,0.0,0.0,0.0,0.0,0.3839280483335781,0.0,0.0,0.0,0.0,0.0,0.3782035596295862,0.2786808072189268
0.0,0.0,0.0,0.0,0.0,0.4299935912199454,0.0,0.0,0.0,0.0,0.0,0.8471645013859199,0.31211827742271075
0.0,0.0,0.0,0.0,0.0,0.0,0.0,0.0,0.0,0.0,0.0,0.0,0.0
0.0,0.0,0.0,0.0,0.0,1.0,0.0,0.0,0.0,0.0,0.0,0.0,0.0
0.0,0.0,0.0,0.0,0.0,0.8092767746300223,0.0,0.0,0.0,0.0,0.0,0.0,0.5874275291850289
0.4358569808440285,0.6380485281098127,0.0,0.0,0.0,0.0,0.634761977458031,0.0,0.0,0.0,0.0,0.0,0.0
0.2726011600541685,0.3990592707653146,0.0,0.4144327270175154,0.0,0.0,0.39700373980073633,0.4144327270175154,0.0,0.4279260335939994,0.0,0.0,0.2867031144995895
0.7913917054328995,0.3861712557117225,0.0,0.0,0.0,0.0,0.3841821101589248,0.0,0.0,0.0,0.0,0.0,0.27744375298044444
0.0,0.0,0.0,0.0,0.0,0.0,0.0,0.0,0.0,0.0,0.0,0.0,0.0
0.0,0.0,0.0,0.0,0.0,0.0,0.0,0.0,0.0,0.0,0.0,0.0,1.0
0.0,0.0,0.0,0.0,0.0,0.0,0.0,0.0,0.0,0.0,0.0,0.805051262775078,0.5932052463559744
0.0,0.0,0.0,0.0,0.0,0.0,0.0,0.0,0.0,0.0,0.0,0.0,0.0
0.4328014981987332,0.0,0.0,0.0,0.0,0.0,0.0,0.6579836458514162,0.6162307887058305,0.0,0.0,0.0,0.0
0.5060702780505861,0.4938889134458979,0.2543227879779126,0.25645780494030285,0.0,0.0,0.4913449205380198,0.0,0.0,0.26480768553707673,0.0,0.24077580316834132,0.0
0.0,0.0,0.0,0.0,1.0,0.0,0.0,0.0,0.0,0.0,0.0,0.0,0.0
0.0,0.0,0.0,0.0,0.0,0.0,0.0,0.0,0.8043533858037615,0.0,0.0,0.0,0.5941511850918294
0.0,0.0,0.0,0.0,0.0,0.0,0.0,0.0,0.0,0.0,0.0,0.0,1.0
0.8441962402719815,0.0,0.21212304964191267,0.0,0.1898753490798532,0.0,0.0,0.21390380359125508,0.4006607471942608,0.0,0.0,0.0,0.0
0.0,0.0,0.0,0.7298851847180353,0.0,0.0,0.0,0.0,0.6835697602506415,0.0,0.0,0.0,0.0
0.7875330426451617,0.0,0.0,0.0,0.0,0.0,0.0,0.0,0.0,0.0,0.6162724289971554,0.0,0.0
0.0,0.0,0.0,0.0,0.0,0.0,0.0,0.0,0.0,0.0,0.0,0.0,0.0
0.0,0.0,0.0,0.0,0.27743634258592564,0.0,0.0,0.0,0.2927127003531454,0.6454430560844269,0.0,0.0,0.6486536920552523
0.0,0.0,0.0,0.0,0.6870218269763154,0.0,0.0,0.0,0.0,0.0,0.0,0.7266367794559575,0.0
0.0,0.0,0.0,0.0,0.0,0.0,0.0,0.0,0.0,0.0,0.0,0.0,0.0
0.7875330426451617,0.0,0.0,0.0,0.0,0.0,0.0,0.0,0.0,0.0,0.6162724289971554,0.0,0.0
0.42634350316504116,0.0,0.0,0.0,0.0,0.0,0.0,0.0,0.0,0.6692689210190209,0.0,0.6085312881578039,0.0
0.3158382672131459,0.46235382332493946,0.0,0.0,0.0,0.0,0.4599722658219326,0.48016565429002905,0.0,0.0,0.49430920498760067,0.0,0.0
0.0,0.0,0.0,0.0,0.0,0.0,0.0,0.0,0.0,0.0,0.0,0.0,0.0
0.807552354082387,0.2955428119426326,0.0,0.0,0.27245019194041215,0.0,0.29402048820325033,0.0,0.0,0.0,0.3159691237342529,0.0,0.0
0.3756868602589404,0.5499658345593708,0.0,0.0,0.5069935424971677,0.0,0.5471329927105173,0.0,0.0,0.0,0.0,0.0,0.0
0.0,0.0,0.0,0.0,0.0,0.0,0.0,1.0,0.0,0.0,0.0,0.0,0.0
0.35469607960977256,0.0,0.26737579669372313,0.0,0.23933312677913457,0.0,0.0,0.2696203924918916,0.7575342707862973,0.0,0.0,0.2531335186617151,0.18652244675831323
0.24795550030785926,0.0,0.0,0.7539283703059729,0.0,0.0,0.0,0.0,0.0,0.3892375723326837,0.3880678782560747,0.0,0.2607825079740709
0.0,0.0,0.0,0.0,1.0,0.0,0.0,0.0,0.0,0.0,0.0,0.0,0.0
0.0,0.0,0.0,0.4123424844689337,0.0,0.0,0.0,0.8246849689378674,0.0,0.0,0.0,0.38712837342403084,0.0
0.0,0.0,0.0,0.0,0.0,0.0,0.0,0.0,0.0,0.0,0.0,0.0,0.0
0.0,0.0,0.0,0.0,0.0,0.0,0.0,0.0,0.0,0.0,0.0,0.0,0.0
0.0,0.0,0.0,0.0,0.0,0.0,0.0,0.0,0.0,0.0,0.0,0.0,1.0
0.2976959012709578,0.43579531813953076,0.0,0.0,0.0,0.0,0.43355056194344965,0.0,0.0,0.46731945756488275,0.4659151203676232,0.0,0.31309603396840263
0.0,0.0,0.0,0.0,0.0,0.0,0.0,0.0,0.0,0.0,0.0,0.0,1.0
0.5527513199484219,0.0,0.833346253543674,0.0,0.0,0.0,0.0,0.0,0.0,0.0,0.0,0.0,0.0
0.0,0.0,0.0,0.0,0.0,0.5271773616935371,0.0,0.5531406856801298,0.0,0.0,0.0,0.5193169803926303,0.38266079631840766
0.0,0.0,0.8299004073883278,0.5579115645124124,0.0,0.0,0.0,0.0,0.0,0.0,0.0,0.0,0.0
0.3192299067902042,0.4673188250001,0.0,0.0,0.0,0.4625418825095187,0.4649116930638445,0.0,0.0,0.0,0.49961736057537426,0.0,0.0
0.0,0.0,0.0,0.0,0.0,0.8092767746300223,0.0,0.0,0.0,0.0,0.0,0.0,0.5874275291850289
0.7139015919525867,0.0,0.0,0.0,0.48170901804888994,0.0,0.0,0.0,0.508233154111316,0.0,0.0,0.0,0.0
0.29883423527407865,0.0,0.9010648420323263,0.0,0.0,0.0,0.0,0.0,0.0,0.0,0.0,0.0,0.31429325522736823
0.0,0.0,0.0,0.0,0.0,0.0,0.0,0.0,0.0,0.0,0.0,0.0,0.0
0.0,0.0,0.0,0.8223888850579308,0.0,0.0,0.0,0.0,0.0,0.0,0.0,0.0,0.5689257611790605
0.5384251207977004,0.0,0.0,0.0,0.0,0.0,0.0,0.0,0.0,0.0,0.8426733585998679,0.0,0.0
0.0,0.0,0.0,0.0,0.0,0.8092767746300223,0.0,0.0,0.0,0.0,0.0,0.0,0.5874275291850289
0.0,0.0,0.0,0.0,0.0,0.0,0.0,0.0,0.0,0.0,0.0,0.0,0.0
0.0,0.0,0.0,0.0,0.0,0.0,0.0,0.0,0.0,0.0,0.0,0.0,0.0
0.0,0.0,0.0,0.6515387320977252,0.0,0.0,0.0,0.0,0.6101948418998289,0.0,0.0,0.0,0.4507322214966791
0.7483031156136554,0.0,0.0,0.0,0.0,0.0,0.0,0.0,0.0,0.0,0.0,0.5340363527254217,0.3935068247573672
0.3238539827468446,0.47408798320490614,0.0,0.0,0.4370445052336163,0.0,0.47164598373063443,0.0,0.0,0.0,0.5068543661798491,0.0,0.0
0.0,0.0,0.0,0.0,0.0,0.0,0.0,0.0,0.0,1.0,0.0,0.0,0.0
0.0,0.0,0.0,0.4358257112517775,0.0,0.0,0.0,0.0,0.0,0.900031082469868,0.0,0.0,0.0
0.0,0.0,0.0,0.0,0.0,0.0,0.0,0.0,0.0,0.0,0.0,0.0,0.0
0.26656134056207526,0.0,0.0,0.0,0.3597274556028191,0.0,0.0,0.0,0.7590699469234504,0.0,0.0,0.3804700077311076,0.2803508485772641
0.563380445620599,0.41236469747252696,0.0,0.0,0.0,0.0,0.4102406310331528,0.428250735214209,0.40107575619667774,0.0,0.0,0.0,0.0
0.8139730843904245,0.0,0.0,0.0,0.0,0.0,0.0,0.0,0.0,0.0,0.0,0.580902588983677,0.0
0.0,0.0,0.0,0.0,0.0,0.0,0.0,0.0,0.0,0.0,0.0,0.0,1.0
0.0,0.0,0.0,0.0,0.0,0.0,0.0,0.0,0.0,1.0,0.0,0.0,0.0
0.0,0.0,0.0,0.0,0.5103648477260391,0.0,0.0,0.0,0.5384668473883973,0.0,0.0,0.5397934312092298,0.397748951089181
0.0,0.0,0.0,0.0,0.0,0.0,0.0,0.0,0.0,1.0,0.0,0.0,0.0
0.5680168983532949,0.0,0.0,0.0,0.0,0.8230168911906379,0.0,0.0,0.0,0.0,0.0,0.0,0.0
0.0,0.0,0.0,0.0,0.0,0.0,0.0,0.0,0.0,0.0,0.0,0.0,1.0
0.0,0.0,0.0,0.0,0.0,0.0,0.0,0.0,0.0,0.0,0.0,0.0,0.0
0.0,0.0,0.0,0.0,0.0,0.0,0.0,1.0,0.0,0.0,0.0,0.0,0.0
0.0,0.0,0.0,0.0,1.0,0.0,0.0,0.0,0.0,0.0,0.0,0.0,0.0
0.0,0.0,0.0,0.0,0.0,0.0,0.0,0.6509411606086924,0.0,0.0,0.0,0.6111371061503601,0.45031882362563064
0.0,0.0,0.0,0.0,0.0,0.0,0.0,1.0,0.0,0.0,0.0,0.0,0.0
0.0,0.0,0.0,0.0,0.0,0.0,0.0,0.0,0.0,0.0,0.0,1.0,0.0
0.0,0.0,0.0,0.0,0.0,0.0,0.0,0.0,0.0,0.0,0.0,0.0,0.0
0.0,0.0,0.0,0.0,0.0,0.0,0.0,0.0,0.0,0.0,0.0,0.0,1.0
0.0,0.0,0.0,0.0,0.0,0.0,0.0,0.0,0.0,0.0,0.0,0.0,1.0
0.0,0.0,0.0,0.0,0.0,0.0,0.0,0.0,0.0,0.0,0.0,0.0,0.0
0.0,0.0,0.7579093461976969,0.3821359635426815,0.0,0.0,0.0,0.0,0.0,0.0,0.0,0.0,0.5287206524370746
0.0,0.0,0.0,0.8223888850579308,0.0,0.0,0.0,0.0,0.0,0.0,0.0,0.0,0.5689257611790605
0.0,0.0,0.0,0.0,0.0,0.0,0.0,0.0,1.0,0.0,0.0,0.0,0.0
0.0,0.0,0.0,0.0,0.0,0.0,0.0,0.0,0.0,0.0,0.0,0.0,0.0
0.0,0.0,0.0,0.0,0.0,0.5672729957956336,0.0,0.0,0.0,0.0,0.0,0.0,0.8235298101714638
0.5493348958503339,0.0,0.0,0.0,0.0,0.0,0.0,0.0,0.0,0.0,0.0,0.7840801356657033,0.2888762936891067
0.0,0.0,0.0,0.0,0.0,0.0,0.0,0.5857747706561556,0.0,0.0,0.0,0.0,0.8104738848739842
0.0,0.0,0.0,0.0,0.5896154445294026,0.0,0.0,0.6642304377697127,0.0,0.0,0.0,0.0,0.4595122991962791
0.5527513199484219,0.0,0.833346253543674,0.0,0.0,0.0,0.0,0.0,0.0,0.0,0.0,0.0,0.0
0.0,0.0,0.0,0.0,0.0,0.0,0.0,0.0,0.0,0.0,0.0,0.0,0.0
0.0,0.0,0.0,0.0,0.0,0.0,0.0,0.0,0.0,0.0,0.0,0.0,0.0
1.0,0.0,0.0,0.0,0.0,0.0,0.0,0.0,0.0,0.0,0.0,0.0,0.0
0.0,0.0,0.0,0.0,1.0,0.0,0.0,0.0,0.0,0.0,0.0,0.0,0.0
0.2970874689748661,0.0,0.4478989381121314,0.0,0.0,0.0,0.0,0.0,0.0,0.4663643478392848,0.464962880833055,0.4240407531690067,0.312456126808004
0.0,0.0,0.0,0.0,0.0,0.0,0.0,0.0,0.0,0.0,0.0,0.0,0.0
0.2870299995418042,0.4201815659264265,0.0,0.0,0.0,0.0,0.4180172352548188,0.0,0.0,0.0,0.44922223052012483,0.0,0.6037567470886676
0.0,0.0,0.0,0.0,0.0,0.0,0.0,0.6515387320977252,0.6101948418998289,0.0,0.0,0.0,0.4507322214966791
0.0,0.0,0.0,0.0,0.0,0.0,0.0,0.0,0.0,0.0,0.0,0.0,0.0
0.42691767527683794,0.0,0.0,0.0,0.0,0.0,0.0,0.0,0.0,0.0,0.6681563273611606,0.6093508191046157,0.0
0.0,0.0,0.0,0.0,0.0,0.0,0.0,0.0,0.0,0.0,0.0,0.0,0.0
0.0,0.0,0.0,0.0,0.0,0.0,0.0,0.0,1.0,0.0,0.0,0.0,0.0
0.0,0.0,0.0,0.0,0.0,0.0,0.0,0.0,0.0,0.0,0.0,0.0,1.0
0.0,0.0,0.0,0.8223888850579308,0.0,0.0,0.0,0.0,0.0,0.0,0.0,0.0,0.5689257611790605
0.4358569808440285,0.6380485281098127,0.0,0.0,0.0,0.0,0.634761977458031,0.0,0.0,0.0,0.0,0.0,0.0
0.0,0.0,0.0,0.0,0.0,0.0,0.0,0.0,0.8043533858037615,0.0,0.0,0.0,0.5941511850918294
0.3589868415220904,0.0,0.5412204885948094,0.0,0.0,0.0,0.0,0.0,0.0,0.0,0.5618397726138754,0.5123913545800495,0.0
0.2762372807019511,0.404382166874159,0.0,0.0,0.37278524305145383,0.0,0.4022992179830357,0.0,0.0,0.4336339722035257,0.43233086293361844,0.0,0.29052733562252375
0.6890592373338897,0.0,0.0,0.0,0.0,0.0,0.0,0.0,0.0,0.0,0.0,0.0,0.7247050209877383
0.8146481248049566,0.0,0.0,0.0,0.0,0.0,0.0,0.0,0.5799555437719065,0.0,0.0,0.0,0.0
1.0,0.0,0.0,0.0,0.0,0.0,0.0,0.0,0.0,0.0,0.0,0.0,0.0
0.4358569808440285,0.6380485281098127,0.0,0.0,0.0,0.0,0.634761977458031,0.0,0.0,0.0,0.0,0.0,0.0
0.0,0.0,0.0,0.0,1.0,0.0,0.0,0.0,0.0,0.0,0.0,0.0,0.0
0.0,0.0,0.0,0.0,0.0,0.0,0.0,0.0,0.0,0.0,0.0,0.0,0.0
0.0,0.0,0.0,0.0,1.0,0.0,0.0,0.0,0.0,0.0,0.0,0.0,0.0
0.6227109179134968,0.0,0.0,0.6311339829544115,0.2801184067736845,0.0,0.0,0.0,0.0,0.0,0.0,0.29627055352839754,0.21830814361809936
0.0,0.0,0.6760587678968445,0.3408671102656522,0.0,0.0,0.0,0.0,0.31923712622230366,0.0,0.0,0.32002360882324665,0.47162135503602337
0.0,0.0,0.0,0.0,0.6638532161445547,0.0,0.0,0.747862893460112,0.0,0.0,0.0,0.0,0.0
0.0,0.0,0.0,0.0,0.0,0.0,0.0,0.0,0.0,0.0,0.0,0.0,0.0
0.0,0.0,0.0,0.0,0.0,0.0,0.0,0.0,0.0,0.0,0.0,0.0,0.0
0.0,0.0,0.0,0.0,0.8840001482014443,0.0,0.0,0.0,0.0,0.0,0.0,0.467486617968712,0.0
0.0,0.0,0.0,0.0,0.788753788833772,0.0,0.0,0.0,0.0,0.0,0.0,0.0,0.6147092488326243
0.0,0.0,0.0,0.0,0.788753788833772,0.0,0.0,0.0,0.0,0.0,0.0,0.0,0.6147092488326243
0.0,0.0,0.0,0.0,0.0,0.0,0.0,0.7298851847180353,0.6835697602506415,0.0,0.0,0.0,0.0
0.0,0.0,0.0,0.0,0.0,0.0,0.0,0.0,0.0,0.0,0.0,0.0,1.0
0.0,0.0,0.0,0.0,0.0,0.0,0.0,0.0,0.0,1.0,0.0,0.0,0.0
0.0,0.0,0.0,0.0,0.0,0.0,0.0,0.0,0.0,0.0,0.0,0.0,0.0
0.5384251207977004,0.0,0.0,0.0,0.0,0.0,0.0,0.0,0.0,0.0,0.8426733585998679,0.0,0.0
0.0,0.0,0.0,0.0,0.0,0.0,0.0,0.0,0.0,0.0,0.0,0.0,0.0
0.42691767527683794,0.0,0.0,0.0,0.0,0.0,0.0,0.0,0.0,0.0,0.6681563273611606,0.6093508191046157,0.0
0.0,0.0,0.0,0.0,0.0,0.0,0.0,0.0,0.0,0.0,0.0,0.0,0.0
0.0,0.0,0.0,0.0,0.6019136573267864,0.6462570114944772,0.0,0.0,0.0,0.0,0.0,0.0,0.46909681753100724
0.0,0.0,0.0,0.5895510020275242,0.0,0.0,0.0,0.5895510020275242,0.5521405908069833,0.0,0.0,0.0,0.0
0.41803316514599703,0.0,0.6302406877362631,0.0,0.0,0.0,0.0,0.0,0.0,0.0,0.6542514412362741,0.0,0.0
0.0,0.0,0.0,0.0,0.0,0.0,0.0,0.0,0.0,0.0,0.0,1.0,0.0
0.0,0.0,0.0,0.0,0.0,0.0,0.0,0.0,0.8043533858037615,0.0,0.0,0.0,0.5941511850918294
0.4328014981987332,0.0,0.0,0.0,0.0,0.0,0.0,0.6579836458514162,0.6162307887058305,0.0,0.0,0.0,0.0
0.0,0.0,0.0,0.5093740705364994,0.4521545565414979,0.0,0.0,0.5093740705364994,0.0,0.5259585245329863,0.0,0.0,0.0
0.0,0.0,0.0,0.0,0.0,0.0,0.0,0.0,0.0,0.0,0.0,0.0,1.0
0.0,0.0,0.0,0.0,0.0,0.0,0.0,0.0,0.0,0.0,0.0,0.0,0.0
0.5384251207977004,0.0,0.0,0.0,0.0,0.0,0.0,0.0,0.0,0.0,0.8426733585998679,0.0,0.0
0.0,0.0,0.0,0.0,0.0,0.0,0.0,0.32664012597038183,0.9177387783973308,0.0,0.0,0.0,0.22596849942376487
0.0,0.0,0.0,0.0,0.0,0.0,0.0,0.0,0.0,0.0,0.0,1.0,0.0
0.0,0.0,0.0,0.0,0.0,0.8092767746300223,0.0,0.0,0.0,0.0,0.0,0.0,0.5874275291850289
0.0,0.0,0.0,0.0,0.0,0.0,0.0,0.6515387320977252,0.6101948418998289,0.0,0.0,0.0,0.4507322214966791
0.0,0.0,0.0,0.0,0.788753788833772,0.0,0.0,0.0,0.0,0.0,0.0,0.0,0.6147092488326243
0.42691767527683794,0.0,0.0,0.0,0.0,0.0,0.0,0.0,0.0,0.0,0.6681563273611606,0.6093508191046157,0.0
0.0,0.0,0.0,0.0,0.0,0.0,0.0,0.0,1.0,0.0,0.0,0.0,0.0
0.0,0.0,0.0,0.0,0.0,0.0,0.0,0.0,0.0,0.0,0.0,0.0,0.0
0.7961066441107962,0.0,0.0,0.6051563526913074,0.0,0.0,0.0,0.0,0.0,0.0,0.0,0.0,0.0
0.0,0.0,0.0,0.0,0.0,0.0,0.0,0.0,0.0,0.0,0.0,0.0,0.0
0.0,0.0,0.0,0.0,0.8844747325869502,0.0,0.0,0.0,0.4665880918060844,0.0,0.0,0.0,0.0
0.0,0.0,0.0,0.0,0.0,0.0,0.0,0.0,0.0,0.0,0.0,0.0,0.0
0.0,0.0,0.0,0.0,0.0,0.0,0.0,0.0,0.0,0.0,0.0,0.0,0.0
0.0,0.0,0.0,0.747862893460112,0.6638532161445547,0.0,0.0,0.0,0.0,0.0,0.0,0.0,0.0
0.18863647552716312,0.2761438518774114,0.0,0.8603462540529225,0.0,0.0,0.2747214510467695,0.0,0.0,0.0,0.0,0.26924579967542267,0.0
0.0,0.0,0.0,0.0,0.0,0.0,0.0,0.6020866466171788,0.5638807764500825,0.0,0.0,0.5652699708239706,0.0
0.0,0.0,0.0,0.0,0.0,0.0,0.0,0.0,0.0,0.0,0.0,0.0,0.0
0.4358569808440285,0.6380485281098127,0.0,0.0,0.0,0.0,0.634761977458031,0.0,0.0,0.0,0.0,0.0,0.0
0.0,0.0,0.0,0.0,0.0,0.0,0.0,0.0,0.0,0.0,0.0,0.0,0.0
0.0,0.0,0.0,0.0,0.0,0.0,0.0,0.7298851847180353,0.6835697602506415,0.0,0.0,0.0,0.0
0.0,0.0,0.0,0.41025040426924136,0.7283314968033388,0.39099406598601405,0.0,0.0,0.0,0.0,0.0,0.38516422072261175,0.0
0.3306071229977461,0.0,0.0,0.0,0.0,0.0,0.0,0.0,0.0,0.0,0.0,0.9437684727851176,0.0
0.0,0.0,0.0,0.0,0.0,0.8092767746300223,0.0,0.0,0.0,0.0,0.0,0.0,0.5874275291850289
0.0,0.0,0.0,0.0,0.0,0.0,0.0,0.0,0.0,0.0,0.0,0.0,0.0
0.0,0.0,0.0,0.0,0.0,0.0,0.0,0.0,0.0,0.0,0.0,0.0,0.0
0.3597171821065592,0.5265879145366545,0.0,0.0,0.0,0.0,0.5238754909865715,0.0,0.0,0.5646797208195387,0.0,0.0,0.0
0.5384251207977004,0.0,0.0,0.0,0.0,0.0,0.0,0.0,0.0,0.0,0.8426733585998679,0.0,0.0
0.0,0.0,0.0,0.0,0.0,0.0,0.0,0.0,0.0,0.0,0.0,0.0,0.0
0.0,0.0,0.0,0.0,0.0,0.0,0.0,0.0,0.0,0.0,0.0,0.0,0.0
0.0,0.0,0.0,0.0,1.0,0.0,0.0,0.0,0.0,0.0,0.0,0.0,0.0
0.0,0.0,0.0,0.0,0.0,0.5672729957956336,0.0,0.0,0.0,0.0,0.0,0.0,0.8235298101714638
1.0,0.0,0.0,0.0,0.0,0.0,0.0,0.0,0.0,0.0,0.0,0.0,0.0
0.0,0.0,0.0,0.0,0.0,0.3643327575354791,0.0,0.0,0.716036830833678,0.3947223675336937,0.0,0.35890044081869166,0.26445722683451284
0.0,0.0,0.0,0.0,0.0,1.0,0.0,0.0,0.0,0.0,0.0,0.0,0.0
0.0,0.0,0.0,0.0,0.0,0.0,0.0,0.0,0.0,1.0,0.0,0.0,0.0
0.26253071996173744,0.38431721141834496,0.0,0.7982454819927738,0.0,0.0,0.3823376159392679,0.0,0.0,0.0,0.0,0.0,0.0
0.36852098608089406,0.5394757525534141,0.0,0.0,0.0,0.5339612204884792,0.5366969445034568,0.0,0.0,0.0,0.0,0.0,0.0
0.0,0.0,0.0,0.747862893460112,0.6638532161445547,0.0,0.0,0.0,0.0,0.0,0.0,0.0,0.0
0.5372746680529112,0.0,0.0,0.0,0.0,0.0,0.0,0.0,0.0,0.8434073340140184,0.0,0.0,0.0
0.0,0.0,0.0,0.39080279491245384,0.0,0.7449185774902357,0.0,0.0,0.0,0.0,0.0,0.0,0.5407120198391546
0.3756868602589404,0.5499658345593708,0.0,0.0,0.5069935424971677,0.0,0.5471329927105173,0.0,0.0,0.0,0.0,0.0,0.0
0.5384251207977004,0.0,0.0,0.0,0.0,0.0,0.0,0.0,0.0,0.0,0.8426733585998679,0.0,0.0
0.0,0.0,0.0,0.0,0.0,0.0,0.0,0.0,0.0,0.0,0.0,0.0,1.0
0.26128217152302297,0.3824894685379787,0.0,0.0,0.7052063180517242,0.3785796534466253,0.38051928765558224,0.0,0.0,0.0,0.0,0.0,0.0
0.5384251207977004,0.0,0.0,0.0,0.0,0.0,0.0,0.0,0.0,0.0,0.8426733585998679,0.0,0.0
0.0,0.0,0.0,0.0,0.0,0.85338327212803,0.0,0.0,0.4192965366293777,0.0,0.0,0.0,0.3097214962230838
0.0,0.0,0.0,0.0,0.0,0.0,0.0,0.0,0.0,0.0,0.0,0.0,0.0
0.0,0.0,0.0,0.0,0.0,0.5710499120170819,0.0,0.5991739457020367,0.5611529032065468,0.0,0.0,0.0,0.0
0.0,0.0,0.0,0.0,0.0,0.0,0.0,0.0,0.0,0.0,0.0,0.0,0.0
0.0,0.0,0.0,0.0,0.0,0.0,0.0,0.0,0.0,0.0,0.0,1.0,0.0
0.4358569808440285,0.6380485281098127,0.0,0.0,0.0,0.0,0.634761977458031,0.0,0.0,0.0,0.0,0.0,0.0
0.0,0.0,0.0,0.0,0.0,0.0,0.0,0.0,0.0,0.0,0.0,0.0,1.0
0.0,0.0,0.0,0.0,0.0,0.0,0.0,1.0,0.0,0.0,0.0,0.0,0.0
0.0,0.0,0.0,0.0,0.0,0.0,0.0,0.0,0.0,0.0,0.0,0.0,1.0
0.0,0.0,0.0,0.0,0.0,0.0,0.0,0.0,0.0,0.0,0.0,1.0,0.0
0.0,0.0,0.0,0.0,0.0,0.0,0.0,0.0,0.0,0.0,0.0,0.0,1.0
0.0,0.0,0.0,0.0,0.0,0.0,0.0,0.0,0.0,0.8307765565794711,0.0,0.0,0.556606066296404
0.0,0.0,0.0,0.0,0.0,0.0,0.0,0.0,0.0,0.0,0.0,0.0,0.0
0.0,0.0,0.0,0.0,0.0,0.0,0.0,0.0,0.0,0.0,0.0,0.0,1.0
0.0,0.0,0.0,0.0,0.6870218269763154,0.0,0.0,0.0,0.0,0.0,0.0,0.7266367794559575,0.0
0.24013237601784415,0.0,0.0,0.3650707701261991,0.0,0.0,0.0,0.3650707701261991,0.0,0.37695692559195154,0.0,0.6854945039468112,0.2525546849574005
1.0,0.0,0.0,0.0,0.0,0.0,0.0,0.0,0.0,0.0,0.0,0.0,0.0
0.0,0.0,0.0,0.0,0.0,0.0,0.0,0.0,0.0,0.0,0.0,0.0,0.0
0.0,0.0,0.0,0.0,0.0,0.0,0.0,0.0,0.0,0.0,0.0,0.0,1.0
0.0,0.0,0.0,0.0,0.0,0.0,0.0,0.0,0.0,0.5980942313810544,0.0,0.0,0.8014257859519531
0.0,0.0,0.0,0.0,0.0,0.0,0.0,0.0,0.0,0.0,0.0,0.0,0.0
0.0,0.0,0.0,0.0,1.0,0.0,0.0,0.0,0.0,0.0,0.0,0.0,0.0
0.0,0.0,0.0,0.0,0.0,0.0,0.0,0.6956907571681706,0.0,0.7183414023921896,0.0,0.0,0.0
0.5384251207977004,0.0,0.0,0.0,0.0,0.0,0.0,0.0,0.0,0.0,0.8426733585998679,0.0,0.0
0.0,0.0,0.0,0.0,0.0,0.0,0.0,0.0,0.0,0.0,0.0,0.0,1.0
0.0,0.0,0.0,0.8642153493316559,0.0,0.0,0.0,0.0,0.4046879505958049,0.0,0.0,0.0,0.29893058161073355
0.0,0.0,0.0,0.0,0.0,0.0,0.0,0.0,0.0,0.0,0.0,0.0,0.0
0.33108965443672184,0.48468024138710125,0.0,0.0,0.4468091236178443,0.0,0.4821836818104253,0.0,0.0,0.0,0.0,0.4725729661983532,0.0
0.0,0.0,0.0,0.0,0.0,0.0,0.0,0.0,0.0,0.0,0.0,0.0,1.0
0.0,0.0,0.0,0.0,0.0,0.0,0.0,0.0,0.0,0.0,0.0,0.0,0.0
0.0,0.0,0.0,0.0,0.0,0.0,0.0,0.0,0.0,0.0,0.0,0.0,0.0
0.0,0.0,0.0,0.0,0.46715372568188224,0.5015692317208513,0.0,0.0,0.0,0.0,0.0,0.0,0.7281453854639823
0.0,0.0,0.0,0.0,0.0,0.0,0.0,0.0,0.0,0.0,0.0,0.0,1.0
0.0,0.0,0.0,0.0,0.5896154445294026,0.0,0.0,0.6642304377697127,0.0,0.0,0.0,0.0,0.4595122991962791
0.0,0.0,0.8201540242416191,0.0,0.0,0.0,0.0,0.0,0.0,0.0,0.0,0.0,0.5721427938201071
0.0,0.0,0.0,0.0,1.0,0.0,0.0,0.0,0.0,0.0,0.0,0.0,0.0
0.0,0.0,0.0,0.0,0.0,1.0,0.0,0.0,0.0,0.0,0.0,0.0,0.0
0.0,0.0,0.0,0.0,0.0,0.0,0.0,0.0,0.8043533858037615,0.0,0.0,0.0,0.5941511850918294
0.0,0.0,0.0,0.0,0.0,0.0,0.0,0.0,0.0,0.0,0.0,0.0,0.0
0.0,0.0,0.0,0.0,0.5562594267583372,0.0,0.0,0.0,0.58688849984712,0.0,0.0,0.588334376770288,0.0
0.4358569808440285,0.6380485281098127,0.0,0.0,0.0,0.0,0.634761977458031,0.0,0.0,0.0,0.0,0.0,0.0
0.0,0.0,0.0,0.0,0.0,0.0,0.0,0.0,0.0,0.0,0.0,0.0,0.0
0.0,0.0,0.0,0.0,0.0,0.0,0.0,0.0,0.0,0.0,0.0,1.0,0.0
0.25505959127379785,0.0,0.0,0.3877644612464902,0.688411437326574,0.0,0.0,0.3877644612464902,0.0,0.4003894891797763,0.0,0.0,0.0
0.0,0.0,0.0,0.0,0.0,0.8092767746300223,0.0,0.0,0.0,0.0,0.0,0.0,0.5874275291850289
0.0,0.0,0.0,0.0,0.0,0.0,0.0,0.0,0.0,0.0,0.0,0.0,0.0
1.0,0.0,0.0,0.0,0.0,0.0,0.0,0.0,0.0,0.0,0.0,0.0,0.0
0.0,0.0,0.0,1.0,0.0,0.0,0.0,0.0,0.0,0.0,0.0,0.0,0.0
1.0,0.0,0.0,0.0,0.0,0.0,0.0,0.0,0.0,0.0,0.0,0.0,0.0
0.0,0.0,0.0,0.0,0.0,0.0,0.0,0.0,0.0,0.0,0.0,0.0,0.0
1.0,0.0,0.0,0.0,0.0,0.0,0.0,0.0,0.0,0.0,0.0,0.0,0.0
0.0,0.0,0.0,1.0,0.0,0.0,0.0,0.0,0.0,0.0,0.0,0.0,0.0
0.3600618444940155,0.5270924638238668,0.0,0.0,0.0,0.0,0.524377441369914,0.0,0.0,0.0,0.5635222282235149,0.0,0.0
0.0,0.0,0.0,0.0,1.0,0.0,0.0,0.0,0.0,0.0,0.0,0.0,0.0
0.0,0.0,0.0,0.0,0.0,0.0,0.0,0.0,0.0,0.0,0.0,0.0,1.0
0.0,0.0,0.0,0.0,0.0,0.0,0.0,0.0,0.0,0.0,0.0,0.0,0.0
0.0,0.0,0.0,0.0,0.0,0.0,0.0,0.0,1.0,0.0,0.0,0.0,0.0
0.0,0.0,0.0,0.0,0.0,0.0,0.0,1.0,0.0,0.0,0.0,0.0,0.0
0.0,0.0,0.0,0.0,0.0,0.0,0.0,0.8223888850579308,0.0,0.0,0.0,0.0,0.5689257611790605
0.0,0.0,0.0,1.0,0.0,0.0,0.0,0.0,0.0,0.0,0.0,0.0,0.0
0.3600618444940155,0.5270924638238668,0.0,0.0,0.0,0.0,0.524377441369914,0.0,0.0,0.0,0.5635222282235149,0.0,0.0
0.0,0.0,0.0,0.0,0.0,0.0,0.0,0.0,0.0,0.0,0.0,0.0,1.0
0.7875330426451617,0.0,0.0,0.0,0.0,0.0,0.0,0.0,0.0,0.0,0.6162724289971554,0.0,0.0
0.33939529907431737,0.49683882681519004,0.0,0.5159791664288762,0.0,0.0,0.49427963907607353,0.0,0.0,0.0,0.0,0.0,0.3569525869654804
0.0,0.0,0.0,0.0,0.0,0.0,0.0,0.0,0.0,0.0,0.0,0.0,1.0
0.0,0.0,0.0,0.0,0.0,0.0,0.0,0.0,1.0,0.0,0.0,0.0,0.0
0.0,0.0,0.0,0.0,0.0,0.0,0.0,0.0,0.0,0.0,0.0,0.0,1.0
0.3238539827468446,0.47408798320490614,0.0,0.0,0.4370445052336163,0.0,0.47164598373063443,0.0,0.0,0.0,0.5068543661798491,0.0,0.0
0.0,0.0,0.0,0.0,0.0,0.0,0.0,0.0,0.0,0.0,0.0,0.0,0.0
0.0,0.0,0.0,0.0,0.0,0.0,0.0,0.0,0.0,0.0,0.0,0.0,0.0
0.0,0.0,0.0,0.0,0.0,0.0,0.0,0.0,0.0,0.0,0.0,0.0,0.0
0.4245205291375832,0.0,0.0,0.0,0.0,0.6151006548402128,0.0,0.0,0.0,0.0,0.6644046242734076,0.0,0.0
0.6344922138216917,0.30960983450894713,0.6377210271703827,0.0,0.0,0.0,0.308015052359041,0.0,0.0,0.0,0.0,0.0,0.0
0.0,0.0,0.0,0.0,0.0,0.0,0.0,0.0,0.0,1.0,0.0,0.0,0.0
0.0,0.0,0.0,0.0,0.0,0.0,0.0,0.7298851847180353,0.6835697602506415,0.0,0.0,0.0,0.0
0.43395411840360504,0.0,0.6542436457957926,0.0,0.0,0.0,0.0,0.0,0.0,0.0,0.0,0.619394119326604,0.0
0.0,0.0,1.0,0.0,0.0,0.0,0.0,0.0,0.0,0.0,0.0,0.0,0.0
0.8892983110723361,0.0,0.2681471356356058,0.0,0.0,0.0,0.0,0.27039820675491155,0.2532398810575433,0.0,0.0,0.0,0.0
0.0,0.0,0.0,0.0,0.0,0.0,0.0,0.0,0.0,0.0,0.0,0.0,0.0
0.0,0.0,0.0,0.0,0.0,0.0,0.0,0.0,0.0,0.0,0.0,0.0,0.0
0.6286512245816002,0.0,0.4738877356634841,0.0,0.42418586469344477,0.0,0.0,0.0,0.4475426281529673,0.0,0.0,0.0,0.0
0.629780467905241,0.4609660028859826,0.0,0.0,0.42494782782491997,0.0,0.45859159396488963,0.0,0.0,0.0,0.0,0.0,0.0
0.0,0.0,0.0,0.5016011456306586,0.0,0.4780569851788891,0.0,0.5016011456306586,0.0,0.517932524877221,0.0,0.0,0.0
0.21599359398805656,0.0,0.0,0.0,0.0,0.31295966151094345,0.0,0.0,0.0,0.0,0.0,0.9248800017424306,0.0
0.0,0.0,0.0,0.0,0.0,0.0,0.0,0.0,0.0,0.0,0.0,1.0,0.0
0.0,0.0,0.0,0.0,0.6879139478134068,0.0,0.0,0.0,0.7257922570569169,0.0,0.0,0.0,0.0
0.0,0.0,0.0,0.0,0.0,0.0,0.0,0.0,0.0,0.0,0.0,0.0,1.0
0.0,0.0,0.0,0.0,0.0,0.0,0.0,1.0,0.0,0.0,0.0,0.0,0.0
0.0,0.0,1.0,0.0,0.0,0.0,0.0,0.0,0.0,0.0,0.0,0.0,0.0
0.0,0.0,0.0,0.0,0.0,0.0,0.0,0.0,0.0,0.0,0.0,0.0,0.0
0.0,0.0,0.0,0.0,0.0,0.0,0.0,0.0,0.0,0.0,0.0,0.0,0.0
0.0,0.0,0.0,0.0,0.0,0.0,0.0,0.0,1.0,0.0,0.0,0.0,0.0
0.0,0.0,0.0,0.0,1.0,0.0,0.0,0.0,0.0,0.0,0.0,0.0,0.0
0.5384251207977004,0.0,0.0,0.0,0.0,0.0,0.0,0.0,0.0,0.0,0.8426733585998679,0.0,0.0
0.8172019385394992,0.0,0.0,0.0,0.0,0.0,0.0,0.0,0.38784908494539894,0.0,0.4263262588139527,0.0,0.0
0.5527513199484219,0.0,0.833346253543674,0.0,0.0,0.0,0.0,0.0,0.0,0.0,0.0,0.0,0.0
0.0,0.0,0.0,0.0,0.0,0.0,0.0,0.0,0.0,0.0,0.0,0.0,0.0
0.0,0.0,0.0,0.0,0.0,0.0,0.0,0.0,0.0,0.0,0.0,0.0,1.0
0.0,0.0,0.0,0.0,0.0,0.0,0.0,0.0,1.0,0.0,0.0,0.0,0.0
0.0,0.0,0.0,0.0,0.0,0.8092767746300223,0.0,0.0,0.0,0.0,0.0,0.0,0.5874275291850289
0.0,0.0,0.0,0.0,0.0,0.0,0.0,0.0,0.0,0.0,0.0,0.0,0.0
0.0,0.0,0.0,0.0,0.0,0.8092767746300223,0.0,0.0,0.0,0.0,0.0,0.0,0.5874275291850289
0.0,0.0,0.0,0.0,0.0,0.0,0.0,0.0,0.0,0.0,0.0,0.0,0.0
0.26599502519242146,0.38938858792602565,0.4010229369077647,0.4043894884441532,0.358963206794028,0.0,0.38738287008315897,0.0,0.0,0.4175558022706524,0.0,0.0,0.0
0.0,0.0,0.8201540242416191,0.0,0.0,0.0,0.0,0.0,0.0,0.0,0.0,0.0,0.5721427938201071
0.0,0.0,0.0,0.8617080562949684,0.0,0.4106305967252104,0.0,0.0,0.0,0.0,0.0,0.0,0.2980633133236045
0.30178595842357125,0.0,0.454982536898939,0.0,0.0,0.4372668172844931,0.0,0.0,0.0,0.4737399802587071,0.0,0.43074703065509656,0.3173976742251887
0.0,0.0,0.8201540242416191,0.0,0.0,0.0,0.0,0.0,0.0,0.0,0.0,0.0,0.5721427938201071
0.44293191992334674,0.4322703271650747,0.0,0.0,0.0,0.0,0.43004372799134255,0.44892321421880005,0.4204364471831837,0.23176973960456718,0.0,0.0,0.0
0.0,0.0,0.0,0.0,0.0,0.0,0.0,0.7290453756769452,0.0,0.0,0.0,0.6844653681553667,0.0
0.0,0.0,0.0,0.0,0.0,0.0,0.0,0.0,0.0,0.0,0.0,1.0,0.0
0.0,0.0,0.0,0.0,0.0,0.0,0.0,0.8223888850579308,0.0,0.0,0.0,0.0,0.5689257611790605
0.0,0.0,0.0,0.0,0.0,0.0,0.0,1.0,0.0,0.0,0.0,0.0,0.0
0.0,0.0,0.0,0.8223888850579308,0.0,0.0,0.0,0.0,0.0,0.0,0.0,0.0,0.5689257611790605
0.0,0.0,0.0,0.0,0.0,0.0,0.0,0.6613187351161837,0.0,0.6828502789735252,0.0,0.3104400539397416,0.0
0.5953667971203342,0.0,0.0,0.0,0.8034540291060062,0.0,0.0,0.0,0.0,0.0,0.0,0.0,0.0
0.0,0.0,0.0,0.0,0.0,0.0,0.0,0.0,0.0,0.0,0.0,0.0,0.0
0.17430225860607482,0.0,0.0,0.0,0.0,0.0,0.0,0.529979845610882,0.7445243517482596,0.0,0.0,0.0,0.3666382079720013
0.0,0.0,0.0,0.0,0.0,0.0,0.0,0.0,0.0,0.0,0.0,0.0,0.0
0.0,0.0,0.0,0.0,0.0,0.0,0.0,1.0,0.0,0.0,0.0,0.0,0.0
0.0,0.0,0.0,0.0,1.0,0.0,0.0,0.0,0.0,0.0,0.0,0.0,0.0
0.0,0.0,0.0,0.0,0.0,0.0,0.0,0.0,0.0,0.0,0.0,0.0,0.0
0.0,0.0,0.0,0.0,0.2926849281592149,0.31424720917897075,0.0,0.32972378821412884,0.30880091222229195,0.6809181981716264,0.0,0.3095616838389648,0.22810176620438205
0.0,0.0,0.0,1.0,0.0,0.0,0.0,0.0,0.0,0.0,0.0,0.0,0.0
0.8847002693980334,0.0,0.0,0.0,0.0,0.0,0.0,0.0,0.25193052567903823,0.2777583757367829,0.27692368671927414,0.0,0.0
0.2618381343441525,0.3833033393150821,0.0,0.0,0.706706873913523,0.0,0.3813289662319123,0.0,0.0,0.0,0.0,0.37372845135065336,0.0
0.0,0.0,0.0,0.0,0.0,0.0,0.0,0.0,1.0,0.0,0.0,0.0,0.0
0.0,0.0,0.0,0.0,0.5405894844972412,0.5804150486435223,0.0,0.6090003124458515,0.0,0.0,0.0,0.0,0.0
0.0,0.0,0.0,0.0,1.0,0.0,0.0,0.0,0.0,0.0,0.0,0.0,0.0
0.550480460431491,0.0,0.0,0.41844487811634257,0.0,0.0,0.0,0.0,0.0,0.4320688143011523,0.0,0.0,0.5789574132608799
0.31242186320597576,0.0,0.0,0.9499434611548766,0.0,0.0,0.0,0.0,0.0,0.0,0.0,0.0,0.0
0.0,0.0,0.0,0.0,0.0,0.0,0.0,0.0,0.0,0.0,0.0,0.0,0.0
0.0,0.0,0.0,0.0,0.0,0.0,0.0,0.0,0.0,1.0,0.0,0.0,0.0
0.0,0.0,0.0,0.0,0.6870218269763154,0.0,0.0,0.0,0.0,0.0,0.0,0.7266367794559575,0.0
0.0,0.0,0.0,0.0,0.0,0.0,0.0,0.0,0.0,0.0,0.0,0.0,0.0
0.8139730843904245,0.0,0.0,0.0,0.0,0.0,0.0,0.0,0.0,0.0,0.0,0.580902588983677,0.0
0.0,0.0,0.0,0.0,0.0,0.0,0.0,0.0,0.0,0.0,0.0,0.0,0.0
0.0,0.0,0.0,0.0,0.0,0.0,0.0,1.0,0.0,0.0,0.0,0.0,0.0
0.0,0.0,0.0,0.0,0.0,0.8092767746300223,0.0,0.0,0.0,0.0,0.0,0.0,0.5874275291850289
0.4355809702311344,0.0,0.0,0.0,0.5878213014679978,0.0,0.0,0.0,0.0,0.0,0.6817149961039238,0.0,0.0
0.0,0.0,0.0,0.0,0.0,0.0,0.0,0.0,0.0,0.0,0.0,0.0,0.0
0.0,0.0,0.0,0.0,0.0,0.0,0.0,0.0,0.0,0.0,0.0,0.0,0.0
0.0,0.0,0.0,1.0,0.0,0.0,0.0,0.0,0.0,0.0,0.0,0.0,0.0
0.3494011688170378,0.5114863619984934,0.0,0.0,0.4715207133118926,0.0,0.5088517256623144,0.0,0.0,0.0,0.0,0.0,0.3674760712307165
0.5902315064750561,0.0,0.0,0.0,0.0,0.0,0.0,0.44866143040533485,0.4201912750624795,0.0,0.0,0.4212264714721683,0.31038241207146233
0.280374813271085,0.20521953850579275,0.42270238314269076,0.0,0.18918444433924875,0.20312178022827074,0.2041624646652925,0.42625093168302375,0.19960142586654792,0.0,0.0,0.6002795106067671,0.0
0.0,0.0,0.0,0.0,0.0,0.8092767746300223,0.0,0.0,0.0,0.0,0.0,0.0,0.5874275291850289
0.0,0.0,0.0,0.0,1.0,0.0,0.0,0.0,0.0,0.0,0.0,0.0,0.0
0.33251263565197936,0.48676333540607225,0.0,0.0,0.0,0.24089381536822183,0.4842560459339352,0.0,0.4734376488419314,0.2609871749374867,0.260202884893836,0.0,0.0
0.0,0.0,0.0,0.0,0.0,0.0,0.0,1.0,0.0,0.0,0.0,0.0,0.0
0.0,0.0,0.0,0.0,0.0,0.4526042264501539,0.0,0.0,0.0,0.0,0.0,0.8917115083924049,0.0
0.5607523622910843,0.0,0.4227044453956661,0.4262530112484276,0.0,0.4062455424112801,0.0,0.0,0.0,0.0,0.0,0.4001882928076776,0.0
0.4328014981987332,0.0,0.0,0.0,0.0,0.0,0.0,0.6579836458514162,0.6162307887058305,0.0,0.0,0.0,0.0
0.0,0.0,0.0,0.0,0.3949026076153708,0.0,0.0,0.0,0.0,0.9187229889899242,0.0,0.0,0.0
0.0,0.0,0.0,0.747862893460112,0.6638532161445547,0.0,0.0,0.0,0.0,0.0,0.0,0.0,0.0
0.0,0.0,0.0,0.0,0.0,1.0,0.0,0.0,0.0,0.0,0.0,0.0,0.0
0.8393032918153637,0.3071628157380299,0.0,0.0,0.0,0.0,0.3055806380386979,0.0,0.0,0.0,0.3283922389942277,0.0,0.0
0.0,0.0,0.0,0.0,0.0,1.0,0.0,0.0,0.0,0.0,0.0,0.0,0.0
0.2903146402039392,0.42498993250526734,0.0,0.0,0.0,0.42064567681076737,0.4228008342186312,0.0,0.0,0.45573244241533817,0.0,0.4143737166459969,0.0
0.33439898455719635,0.0,0.5041510185729664,0.0,0.0,0.4845208188091459,0.0,0.0,0.0,0.5249355177761793,0.0,0.0,0.35169780766522557
0.0,0.0,0.0,0.0,0.0,0.0,0.0,0.0,0.0,0.0,0.0,0.0,1.0
0.0,0.0,0.0,0.0,0.0,0.0,0.0,0.0,0.0,0.0,0.0,0.0,0.0
0.0,0.0,0.0,0.0,0.0,0.0,0.0,0.0,0.0,0.0,0.0,0.0,0.0
1.0,0.0,0.0,0.0,0.0,0.0,0.0,0.0,0.0,0.0,0.0,0.0,0.0
0.3756868602589404,0.5499658345593708,0.0,0.0,0.5069935424971677,0.0,0.5471329927105173,0.0,0.0,0.0,0.0,0.0,0.0
0.0,0.0,0.0,0.6125560982011773,0.543745838195541,0.0,0.0,0.0,0.5736858809501748,0.0,0.0,0.0,0.0
0.0,0.0,0.0,0.0,0.0,0.0,0.0,0.0,1.0,0.0,0.0,0.0,0.0
0.0,0.0,1.0,0.0,0.0,0.0,0.0,0.0,0.0,0.0,0.0,0.0,0.0
0.8850824100352724,0.0,0.0,0.0,0.0,0.0,0.0,0.0,0.0,0.0,0.0,0.0,0.46543434278763074
0.9061796621397672,0.0,0.0,0.0,0.0,0.0,0.0,0.27553111547564135,0.2580470771167059,0.0,0.0,0.0,0.19061146429459896
0.0,0.0,0.0,0.0,0.0,0.0,0.0,0.0,0.0,0.0,0.0,1.0,0.0
0.0,0.0,0.0,0.0,0.0,0.0,0.0,0.0,0.0,0.0,0.0,0.0,1.0
0.0,0.0,0.0,0.0,0.0,0.0,0.0,0.0,0.0,0.0,0.0,0.805051262775078,0.5932052463559744
0.0,0.0,0.0,0.0,0.0,0.0,0.0,0.0,0.0,0.0,0.0,0.0,1.0
0.0,0.0,0.0,0.0,0.0,0.0,0.0,1.0,0.0,0.0,0.0,0.0,0.0
0.0,0.0,0.0,0.0,0.0,0.0,0.0,0.40350724908204305,0.37790238696372935,0.8332896770423583,0.0,0.0,0.0
0.0,0.0,0.0,0.0,0.0,1.0,0.0,0.0,0.0,0.0,0.0,0.0,0.0
0.44721849973228955,0.21822686342746112,0.0,0.45326777621417175,0.20117542509850248,0.2159961440112409,0.2171027896170277,0.22663388810708587,0.4245053216633769,0.0,0.0,0.4255511462936345,0.0
0.0,0.0,0.0,0.0,0.0,0.0,0.0,0.0,0.0,0.0,0.0,0.0,0.0
0.0,0.0,0.0,0.0,0.0,0.0,0.0,0.0,0.0,0.0,0.0,0.0,0.0
0.5527513199484219,0.0,0.833346253543674,0.0,0.0,0.0,0.0,0.0,0.0,0.0,0.0,0.0,0.0
0.0,0.0,0.0,0.0,0.0,0.0,0.0,0.0,0.0,0.0,0.0,0.0,0.0
0.0,0.0,0.0,0.0,1.0,0.0,0.0,0.0,0.0,0.0,0.0,0.0,0.0
0.09914765833485822,0.1451416869441604,0.0,0.15073316053736233,0.9366059740920806,0.0,0.14439407060337803,0.0,0.0,0.15564080564784863,0.15517309096307677,0.0,0.0
0.0,0.0,0.0,0.0,0.0,0.0,0.0,0.8885662509948907,0.0,0.4587483161744408,0.0,0.0,0.0
0.5384251207977004,0.0,0.0,0.0,0.0,0.0,0.0,0.0,0.0,0.0,0.8426733585998679,0.0,0.0
0.0,0.0,0.0,0.0,0.0,0.0,0.0,0.0,0.0,0.0,0.0,1.0,0.0
0.12852609302923335,0.0,0.5813106232935544,0.7815875650188384,0.0,0.18622534968318122,0.0,0.0,0.0,0.0,0.0,0.0,0.0
1.0,0.0,0.0,0.0,0.0,0.0,0.0,0.0,0.0,0.0,0.0,0.0,0.0
0.0,0.0,0.0,0.0,0.0,0.0,0.0,0.0,0.0,0.0,0.0,0.9383413058918553,0.3457102741562188
0.0,0.0,0.0,0.0,0.0,0.0,0.0,0.5135676202094753,0.4809787927873925,0.0,0.0,0.0,0.7105685754106768
0.3192299067902042,0.4673188250001,0.0,0.0,0.0,0.4625418825095187,0.4649116930638445,0.0,0.0,0.0,0.49961736057537426,0.0,0.0
0.0,0.0,0.0,0.0,0.0,0.0,0.0,0.0,0.0,0.0,0.0,0.0,0.0
0.0,0.0,0.0,0.0,0.0,0.0,0.0,0.0,0.0,0.0,0.0,0.0,0.0
0.0,0.0,0.0,0.0,0.0,0.0,0.0,0.0,0.8043533858037615,0.0,0.0,0.0,0.5941511850918294
0.0,0.0,0.0,0.0,0.0,0.0,0.0,0.0,0.0,0.0,0.0,0.0,0.0
0.5384251207977004,0.0,0.0,0.0,0.0,0.0,0.0,0.0,0.0,0.0,0.8426733585998679,0.0,0.0
0.5384251207977004,0.0,0.0,0.0,0.0,0.0,0.0,0.0,0.0,0.0,0.8426733585998679,0.0,0.0
0.0,0.0,0.0,0.0,0.0,0.0,0.0,0.0,0.0,0.0,0.0,0.0,0.0
0.0,0.0,0.0,0.0,0.0,0.0,0.0,0.0,0.0,0.0,0.0,0.9383413058918553,0.3457102741562188
0.0,0.0,0.0,0.0,0.0,0.0,0.0,0.0,0.0,0.0,0.0,0.0,0.0
0.5129527866192419,0.5006057565923665,0.0,0.0,0.0,0.0,0.49802716561827803,0.0,0.0,0.0,0.0,0.48810066325745066,0.0
0.0,0.0,0.0,0.0,0.0,0.0,0.0,0.0,0.0,0.0,0.0,0.0,0.0
0.16551812787843578,0.24230103568335362,0.0,0.2516354996209967,0.0,0.47964845918184634,0.24105295721961725,0.0,0.4713355518044255,0.259828373205928,0.0,0.0,0.5222416818709706
0.5737979491887136,0.0,0.0,0.0,0.0,0.0,0.0,0.0,0.0,0.0,0.0,0.8189968946869252,0.0
0.0,0.0,0.0,0.0,0.0,0.8092767746300223,0.0,0.0,0.0,0.0,0.0,0.0,0.5874275291850289
0.0,0.0,0.0,0.0,0.0,0.0,0.0,0.0,1.0,0.0,0.0,0.0,0.0
0.5527513199484219,0.0,0.833346253543674,0.0,0.0,0.0,0.0,0.0,0.0,0.0,0.0,0.0,0.0
0.24317936472423796,0.0,0.0,0.0,0.32817322250444125,0.7046998965603771,0.35415519588656796,0.0,0.0,0.38174005194135413,0.0,0.0,0.2557592977029758
0.0,0.0,0.0,0.0,0.0,0.0,0.0,0.0,0.0,0.0,0.0,0.0,0.0
0.0,0.0,0.0,0.0,0.0,0.0,0.0,0.0,0.0,0.0,0.0,0.0,0.0
0.0,0.0,1.0,0.0,0.0,0.0,0.0,0.0,0.0,0.0,0.0,0.0,0.0
0.3036331988815745,0.4444868939726583,0.0,0.0,0.0,0.0,0.44219736797779086,0.0,0.43231857191527295,0.0,0.4752074106514288,0.0,0.31934047444083685
0.3215013211598273,0.4706439354353144,0.0,0.48877513669246686,0.0,0.46583300359854346,0.4682196760496774,0.0,0.0,0.0,0.0,0.0,0.0
0.5712160083679099,0.0,0.0,0.0,0.3854311372693884,0.41382608930137604,0.0,0.4342068977566568,0.4066539658745844,0.0,0.0,0.0,0.0
0.0,0.0,0.0,0.0,0.0,0.0,0.0,0.0,0.0,0.0,0.0,0.0,0.0
1.0,0.0,0.0,0.0,0.0,0.0,0.0,0.0,0.0,0.0,0.0,0.0,0.0
0.0,0.0,0.0,0.0,0.0,0.0,0.0,0.0,0.0,0.0,0.0,0.0,0.0
0.0,0.0,0.0,0.0,0.0,1.0,0.0,0.0,0.0,0.0,0.0,0.0,0.0
0.0,0.0,0.0,0.0,0.0,0.7520087849776068,0.0,0.0,0.3694877663464107,0.0,0.0,0.0,0.5458585694452763
0.5495434081712041,0.0,0.0,0.0,0.0,0.0,0.0,0.8354651653633306,0.0,0.0,0.0,0.0,0.0
0.8850824100352724,0.0,0.0,0.0,0.0,0.0,0.0,0.0,0.0,0.0,0.0,0.0,0.46543434278763074
0.0,0.0,0.0,0.0,0.0,0.0,0.0,0.0,0.0,0.0,0.0,0.0,1.0
0.3063465357444673,0.4484589322047461,0.0,0.0,0.41341801329376293,0.0,0.4461489464732514,0.0,0.0,0.4808991198729406,0.0,0.0,0.32219417517022236
0.0,0.0,0.0,0.0,0.0,0.0,0.0,0.0,0.0,0.0,0.0,0.0,0.0
0.7609286314056306,0.0,0.0,0.28920798403469505,0.5134407710692371,0.0,0.0,0.0,0.0,0.0,0.0,0.27152335899802194,0.0
0.0,0.0,0.0,0.0,0.6056688409917304,0.0,0.0,0.0,0.0,0.0,0.0,0.6405928294476524,0.4720233912763065
0.0,0.0,0.0,0.0,0.0,0.0,0.0,0.0,0.0,0.0,0.0,0.0,0.0
0.0,0.0,0.0,0.0,0.0,0.0,0.0,0.0,0.0,0.0,0.0,0.0,0.0
0.4358569808440285,0.6380485281098127,0.0,0.0,0.0,0.0,0.634761977458031,0.0,0.0,0.0,0.0,0.0,0.0
1.0,0.0,0.0,0.0,0.0,0.0,0.0,0.0,0.0,0.0,0.0,0.0,0.0
0.39621159287255886,0.5800118726166413,0.0,0.0,0.0,0.0,0.5770242653830089,0.0,0.0,0.0,0.0,0.0,0.4167080494258848
0.0,0.0,0.0,0.0,0.0,0.0,0.0,0.0,0.0,0.0,0.0,0.0,0.0
0.0,0.0,0.0,0.0,0.0,0.0,0.0,0.0,0.0,0.0,0.0,0.0,1.0
0.0,0.0,0.0,0.0,0.5811918290958707,0.0,0.0,0.0,0.0,0.6760582028411711,0.0,0.0,0.45294741876222455
0.1794683467012711,0.2627226808053003,0.0,0.0,0.0,0.7801113727289177,0.2613694116419085,0.0,0.0,0.28172725950354327,0.0,0.0,0.3775048788722844
0.8237297865491076,0.40195109937981166,0.0,0.0,0.0,0.0,0.3998806727751698,0.0,0.0,0.0,0.0,0.0,0.0
1.0,0.0,0.0,0.0,0.0,0.0,0.0,0.0,0.0,0.0,0.0,0.0,0.0
0.40036533716847544,0.0,0.0,0.6086712853791505,0.5402974180257821,0.0,0.0,0.0,0.0,0.0,0.0,0.0,0.4210766714311526
0.0,0.0,0.0,0.0,0.0,0.6782536152992994,0.0,0.0,0.0,0.7348278936822077,0.0,0.0,0.0
0.8139730843904245,0.0,0.0,0.0,0.0,0.0,0.0,0.0,0.0,0.0,0.0,0.580902588983677,0.0
0.0,0.0,0.0,0.0,0.0,0.0,0.0,0.0,0.0,0.0,0.0,0.0,0.0
0.0,0.0,0.0,0.0,0.0,0.0,0.0,0.0,0.0,0.0,0.0,1.0,0.0
0.4358569808440285,0.6380485281098127,0.0,0.0,0.0,0.0,0.634761977458031,0.0,0.0,0.0,0.0,0.0,0.0
0.0,0.0,0.0,0.0,0.0,0.0,0.0,0.0,0.0,0.0,0.0,0.0,0.0
0.6504390324077048,0.0,0.0,0.4944278702001751,0.0,0.0,0.0,0.0,0.0,0.0,0.0,0.46419436360679545,0.3420434754318955
0.0,0.0,0.0,0.0,1.0,0.0,0.0,0.0,0.0,0.0,0.0,0.0,0.0
0.0,0.0,1.0,0.0,0.0,0.0,0.0,0.0,0.0,0.0,0.0,0.0,0.0
0.315605564961009,0.4620131718360582,0.0,0.4798118794604684,0.0,0.0,0.45963336900894747,0.0,0.0,0.49543383295625365,0.0,0.0,0.0
0.0,0.0,0.0,0.0,0.0,0.0,0.0,0.0,0.0,0.0,0.0,1.0,0.0
0.0,0.0,0.0,0.0,0.0,0.6334036644648043,0.0,0.0,0.6224259871796604,0.0,0.0,0.0,0.4597669935151749
0.0,0.0,0.0,0.6472648416731213,0.0,0.6168835169495085,0.0,0.0,0.0,0.0,0.0,0.0,0.447775559013525
0.0,0.0,0.0,0.0,0.0,0.0,0.0,0.0,0.0,0.0,0.0,0.0,1.0
0.20426951589408893,0.29902896978164367,0.0,0.31054883442797165,0.8269918629782136,0.0,0.29748868904712195,0.0,0.0,0.0,0.0,0.0,0.0
0.0,0.0,0.0,0.0,0.0,0.0,0.0,0.0,0.0,0.0,0.0,0.0,1.0
0.0,0.0,0.0,0.0,0.0,0.0,0.0,0.0,0.0,0.0,0.0,0.0,0.0
0.0,0.0,0.0,0.0,0.0,0.0,0.0,0.0,0.0,0.0,0.0,0.805051262775078,0.5932052463559744
0.0,0.0,0.0,0.0,0.0,0.0,0.0,0.0,0.0,0.0,0.0,0.0,0.0
0.0,0.0,1.0,0.0,0.0,0.0,0.0,0.0,0.0,0.0,0.0,0.0,0.0
0.0,0.0,0.0,0.0,0.0,0.0,0.0,0.0,0.0,0.0,0.0,0.0,0.0
0.0,0.0,0.0,1.0,0.0,0.0,0.0,0.0,0.0,0.0,0.0,0.0,0.0
0.7985347278382217,0.0,0.6019487423662726,0.0,0.0,0.0,0.0,0.0,0.0,0.0,0.0,0.0,0.0
0.3209004536553085,0.0,0.4838001849350088,0.0,0.0,0.4649623884689228,0.0,0.4878616440337252,0.456904009055134,0.0,0.0,0.0,0.0
0.0,0.0,0.0,0.6956907571681706,0.0,0.0,0.0,0.0,0.0,0.7183414023921896,0.0,0.0,0.0
0.771481110634694,0.0,0.3877035175523573,0.0,0.3470407429037614,0.0,0.0,0.0,0.3661496977688135,0.0,0.0,0.0,0.0
0.0,0.0,1.0,0.0,0.0,0.0,0.0,0.0,0.0,0.0,0.0,0.0,0.0
0.3597171821065592,0.5265879145366545,0.0,0.0,0.0,0.0,0.5238754909865715,0.0,0.0,0.5646797208195387,0.0,0.0,0.0
0.0,0.0,0.0,0.0,0.0,0.0,0.0,0.0,0.0,0.0,0.0,0.0,0.0
0.0,0.0,0.0,0.0,0.0,0.8092767746300223,0.0,0.0,0.0,0.0,0.0,0.0,0.5874275291850289
0.0,0.0,0.0,0.0,0.788753788833772,0.0,0.0,0.0,0.0,0.0,0.0,0.0,0.6147092488326243
0.41803316514599703,0.0,0.6302406877362631,0.0,0.0,0.0,0.0,0.0,0.0,0.0,0.6542514412362741,0.0,0.0
0.0,0.0,0.0,0.747862893460112,0.6638532161445547,0.0,0.0,0.0,0.0,0.0,0.0,0.0,0.0
0.0,0.0,0.0,0.0,0.0,0.0,0.0,0.0,0.0,0.0,0.0,0.0,1.0
0.5384251207977004,0.0,0.0,0.0,0.0,0.0,0.0,0.0,0.0,0.0,0.8426733585998679,0.0,0.0
0.0,0.0,0.0,0.0,0.0,1.0,0.0,0.0,0.0,0.0,0.0,0.0,0.0
0.0,0.0,0.0,0.0,0.0,0.0,0.0,0.0,0.0,0.0,0.0,0.0,1.0
0.0,0.0,0.0,0.0,0.0,0.0,0.0,0.0,0.0,0.0,0.0,0.5614952099025672,0.8274799872241455
0.0,0.0,1.0,0.0,0.0,0.0,0.0,0.0,0.0,0.0,0.0,0.0,0.0
0.0,0.0,0.0,0.0,0.0,0.0,0.0,0.0,0.0,0.0,0.0,0.0,1.0
0.6869362771285127,0.0,0.0,0.0,0.0,0.0,0.0,0.0,0.4890362967865407,0.0,0.5375519059496728,0.0,0.0
0.0,0.0,0.0,0.0,0.0,0.0,0.0,0.0,0.0,0.0,0.0,0.0,1.0
0.4685197999466434,0.0,0.0,0.0,0.0,0.0,0.0,0.0,0.0,0.0,0.7332665920316813,0.0,0.49275683868232756
0.0,0.0,0.0,0.0,0.0,0.0,0.0,0.0,0.0,0.0,0.0,0.0,1.0
0.5495434081712041,0.0,0.0,0.8354651653633306,0.0,0.0,0.0,0.0,0.0,0.0,0.0,0.0,0.0
0.0,0.0,0.9560869626716134,0.24102830671243078,0.0,0.0,0.0,0.0,0.0,0.0,0.0,0.0,0.1667425415804473
0.7337258523318708,0.0,0.368729823642911,0.37182527739393373,0.0,0.0,0.0,0.0,0.34823081909997716,0.0,0.0,0.0,0.25722742951718963
0.21774342405652788,0.3187533464665898,0.656554440026343,0.3310330777900818,0.0,0.0,0.3171114666213516,0.0,0.0,0.0,0.0,0.0,0.45801505632922757
0.0,0.0,0.0,0.0,0.0,0.0,0.0,0.0,0.0,0.0,0.0,0.0,0.0
0.5241697277147702,0.0,0.0,0.0,0.0,0.0,0.0,0.0,0.7463225660486835,0.0,0.4101813305770169,0.0,0.0
0.27259416282530535,0.0,0.0,0.0,0.0,0.0,0.0,0.4144220892027725,0.7762492350583787,0.0,0.0,0.38908081351521573,0.0
0.5737979491887136,0.0,0.0,0.0,0.0,0.0,0.0,0.0,0.0,0.0,0.0,0.8189968946869252,0.0
0.0,0.0,0.0,0.0,0.0,0.0,0.0,0.0,0.0,0.0,0.0,0.0,0.0
0.0,0.0,0.0,0.0,0.0,0.0,0.0,0.0,0.0,0.0,0.0,0.0,0.0
0.0,0.0,0.0,0.0,0.0,0.0,0.0,0.0,1.0,0.0,0.0,0.0,0.0
0.0,0.0,0.0,0.7290453756769452,0.0,0.0,0.0,0.0,0.0,0.0,0.0,0.6844653681553667,0.0
0.3947805574195572,0.0,0.5951842838261694,0.0,0.0,0.0,0.0,0.0,0.0,0.0,0.0,0.5634806660890561,0.41520298495274244
0.0,0.0,0.0,0.0,0.0,0.0,0.0,0.0,0.0,0.0,0.0,1.0,0.0
0.0,0.0,0.0,0.0,0.0,0.0,0.0,0.0,0.0,0.0,0.0,0.0,1.0
0.0,0.0,0.0,0.0,0.0,0.0,0.0,0.0,0.0,0.0,0.0,0.0,0.0
0.6997679380874395,0.0,0.6329960347552647,0.0,0.0,0.0,0.0,0.0,0.19926851001826673,0.21969746432664183,0.0,0.0,0.1471935388952553
0.19381273936093432,0.0,0.5843970494744083,0.5893030102155553,0.523104839184175,0.0,0.0,0.0,0.0,0.0,0.0,0.0,0.0
0.3354298732906723,0.24551693140571923,0.0,0.5099505705822004,0.0,0.0,0.4885045761023997,0.0,0.4775912658197281,0.2632768972767624,0.0,0.0,0.17639101269695392
0.0,0.0,0.0,0.0,0.0,0.0,0.0,0.0,0.0,0.0,0.0,0.0,1.0
0.6712953802532737,0.4913527236251751,0.0,0.0,0.0,0.0,0.48882179448273355,0.0,0.0,0.0,0.2626561757800777,0.0,0.0
0.0,0.0,0.0,0.0,0.0,0.0,0.0,0.0,0.0,0.0,0.0,0.0,0.0
0.0,0.0,0.0,0.0,0.0,0.0,0.0,0.0,0.0,0.0,0.0,0.0,0.0
0.0,0.0,0.0,0.0,0.0,0.0,0.0,0.0,0.0,0.0,0.0,0.805051262775078,0.5932052463559744
0.0,0.0,0.0,0.0,0.0,0.0,0.0,0.0,0.0,0.0,0.0,0.0,0.0
0.0,0.0,0.0,0.0,0.0,0.0,0.0,0.0,0.0,0.0,0.0,0.0,0.0
0.3786335754149959,0.27713975696645515,0.28542027865928565,0.0,0.0,0.0,0.27571222628694547,0.0,0.5391054970455609,0.0,0.0,0.5404336542637279,0.19911035100515256
0.9004747160246346,0.0,0.0,0.0,0.0,0.4349083648314364,0.0,0.0,0.0,0.0,0.0,0.0,0.0
0.0,0.0,0.0,0.0,0.0,0.0,0.0,0.6515387320977252,0.6101948418998289,0.0,0.0,0.0,0.4507322214966791
0.0,0.0,0.0,0.0,0.0,0.0,0.0,0.0,0.0,0.5980942313810544,0.0,0.0,0.8014257859519531
0.0,0.0,0.0,0.0,0.0,0.0,0.0,0.6956907571681706,0.0,0.7183414023921896,0.0,0.0,0.0
0.0,0.0,0.0,0.0,0.0,0.0,0.0,0.0,0.0,0.0,0.0,0.0,0.0
0.0,0.0,0.0,0.0,0.0,0.0,0.0,0.0,0.0,0.0,0.0,0.0,0.0
0.0,0.0,0.0,0.0,0.0,0.0,0.0,0.0,1.0,0.0,0.0,0.0,0.0
1.0,0.0,0.0,0.0,0.0,0.0,0.0,0.0,0.0,0.0,0.0,0.0,0.0
0.5601291777650642,0.0,0.0,0.4257793007504563,0.0,0.40579406694221387,0.0,0.4257793007504563,0.3987611485032564,0.0,0.0,0.0,0.0
0.242726844447224,0.35532643192357527,0.0,0.0,0.6551250828449944,0.0,0.35349616625413904,0.0,0.0,0.0,0.0,0.0,0.5105667361198918
0.0,0.0,0.0,0.0,0.0,0.0,0.0,0.6515387320977252,0.6101948418998289,0.0,0.0,0.0,0.4507322214966791
0.23289175834260956,0.3409289059261011,0.0,0.3540629338871955,0.0,0.6748878474944194,0.339172801071033,0.0,0.0,0.365590690753046,0.0,0.0,0.0
0.0,0.0,0.0,0.0,0.0,0.8092767746300223,0.0,0.0,0.0,0.0,0.0,0.0,0.5874275291850289
0.0,0.0,0.0,0.0,0.0,0.0,0.0,0.0,0.0,0.0,0.0,0.0,0.0
0.0,0.0,0.0,0.0,0.0,0.0,0.0,1.0,0.0,0.0,0.0,0.0,0.0
0.0,0.0,0.0,0.0,0.0,0.0,0.0,0.0,0.0,0.0,0.0,0.0,0.0
0.0,0.0,0.0,0.0,0.0,0.0,0.0,0.0,0.0,0.0,0.0,0.0,1.0
0.0,0.0,0.0,0.0,0.0,0.0,0.0,0.0,0.0,0.0,0.0,0.0,0.0
0.0,0.0,0.0,0.0,0.0,0.0,0.0,0.0,0.0,0.0,0.0,0.805051262775078,0.5932052463559744
0.0,0.0,0.0,0.0,1.0,0.0,0.0,0.0,0.0,0.0,0.0,0.0,0.0
0.27785089017666115,0.0,0.0,0.0,0.0,0.8051731436536073,0.0,0.0,0.0,0.0,0.43485627577748415,0.0,0.2922244188700546
0.3600618444940155,0.5270924638238668,0.0,0.0,0.0,0.0,0.524377441369914,0.0,0.0,0.0,0.5635222282235149,0.0,0.0
0.0,0.0,0.0,0.0,0.0,1.0,0.0,0.0,0.0,0.0,0.0,0.0,0.0
0.0,0.0,0.0,0.0,0.0,0.0,0.0,0.0,0.0,0.0,0.0,0.0,0.0
0.0,0.0,0.0,0.0,0.0,0.0,0.0,0.0,0.0,0.0,0.0,0.0,0.0
0.0,0.0,0.0,0.0,0.0,0.0,0.0,0.0,0.0,0.0,0.0,0.0,0.0
0.0,0.0,1.0,0.0,0.0,0.0,0.0,0.0,0.0,0.0,0.0,0.0,0.0
0.0,0.0,0.0,0.0,0.0,0.0,0.0,1.0,0.0,0.0,0.0,0.0,0.0
0.0,0.0,0.0,0.0,0.0,0.0,0.0,0.7290453756769452,0.0,0.0,0.0,0.6844653681553667,0.0
0.5953667971203342,0.0,0.0,0.0,0.8034540291060062,0.0,0.0,0.0,0.0,0.0,0.0,0.0,0.0
0.5942382225275866,0.0,0.0,0.45170711491325316,0.0,0.2152524405299974,0.0,0.0,0.42304369332286806,0.4664140195251711,0.0,0.0,0.0
0.0,0.0,0.0,0.0,0.0,0.0,0.0,0.0,0.0,0.0,0.0,0.0,1.0
0.4358569808440285,0.6380485281098127,0.0,0.0,0.0,0.0,0.634761977458031,0.0,0.0,0.0,0.0,0.0,0.0
0.0,0.0,0.0,0.0,0.0,0.5672729957956336,0.0,0.0,0.0,0.0,0.0,0.0,0.8235298101714638
0.0,0.0,1.0,0.0,0.0,0.0,0.0,0.0,0.0,0.0,0.0,0.0,0.0
0.0,0.0,0.0,0.0,0.788753788833772,0.0,0.0,0.0,0.0,0.0,0.0,0.0,0.6147092488326243
0.0,0.0,0.0,0.0,0.0,0.0,0.0,0.0,0.0,0.0,0.0,0.0,1.0
1.0,0.0,0.0,0.0,0.0,0.0,0.0,0.0,0.0,0.0,0.0,0.0,0.0
0.0,0.0,0.0,0.0,0.0,0.8092767746300223,0.0,0.0,0.0,0.0,0.0,0.0,0.5874275291850289
0.0,0.0,0.0,0.0,0.0,0.0,0.0,0.0,0.0,0.0,0.0,0.9383413058918553,0.3457102741562188
0.0,0.0,0.0,0.0,0.0,0.0,0.0,0.0,0.0,0.0,0.0,0.0,0.0
0.0,0.0,0.0,0.6472648416731213,0.0,0.6168835169495085,0.0,0.0,0.0,0.0,0.0,0.0,0.447775559013525
0.0,0.0,0.0,0.0,1.0,0.0,0.0,0.0,0.0,0.0,0.0,0.0,0.0
0.0,0.0,0.0,0.0,0.0,0.0,0.0,0.0,0.0,0.0,0.0,0.0,1.0
0.0,0.0,0.0,0.0,0.788753788833772,0.0,0.0,0.0,0.0,0.0,0.0,0.0,0.6147092488326243
0.3238539827468446,0.47408798320490614,0.0,0.0,0.4370445052336163,0.0,0.47164598373063443,0.0,0.0,0.0,0.5068543661798491,0.0,0.0
0.19106239992882715,0.27969514866010836,0.0,0.29047019248663736,0.0,0.0,0.2782544553074377,0.5809403849732747,0.5440763670651941,0.29992746529122183,0.0,0.0,0.0
0.0,0.0,0.0,0.0,0.0,0.0,0.0,0.0,0.0,0.0,0.0,0.0,1.0
0.0,0.0,0.0,0.0,0.0,0.0,0.0,0.0,0.8043533858037615,0.0,0.0,0.0,0.5941511850918294
0.0,0.0,0.0,0.0,0.0,0.0,0.0,0.0,0.0,0.0,0.0,0.805051262775078,0.5932052463559744
0.0,0.0,0.0,0.0,0.0,0.0,0.0,0.0,0.0,0.0,0.0,0.0,0.0
0.0,0.0,0.0,0.0,0.0,0.0,0.0,0.0,0.0,0.0,0.0,0.0,1.0
0.0,0.0,0.0,0.0,0.0,0.0,0.0,0.0,0.0,1.0,0.0,0.0,0.0
0.0,0.0,0.0,0.0,0.0,0.0,0.0,0.0,0.0,0.0,0.0,0.0,0.0
0.5384251207977004,0.0,0.0,0.0,0.0,0.0,0.0,0.0,0.0,0.0,0.8426733585998679,0.0,0.0
0.0,0.0,0.0,0.0,0.0,0.0,0.0,0.0,0.0,1.0,0.0,0.0,0.0
0.0,0.0,0.0,0.0,0.0,0.0,0.0,0.0,0.0,0.0,0.0,0.0,0.0
0.8146481248049566,0.0,0.0,0.0,0.0,0.0,0.0,0.0,0.5799555437719065,0.0,0.0,0.0,0.0
0.5495434081712041,0.0,0.0,0.0,0.0,0.0,0.0,0.8354651653633306,0.0,0.0,0.0,0.0,0.0
1.0,0.0,0.0,0.0,0.0,0.0,0.0,0.0,0.0,0.0,0.0,0.0,0.0
0.0,0.0,0.0,0.0,0.0,0.0,0.0,0.7298851847180353,0.6835697602506415,0.0,0.0,0.0,0.0
0.0,0.0,0.0,0.0,0.8333229790799697,0.4473572010823435,0.0,0.0,0.0,0.0,0.0,0.0,0.32472195364196765
0.0,0.0,0.0,0.0,0.0,0.8092767746300223,0.0,0.0,0.0,0.0,0.0,0.0,0.5874275291850289
0.0,0.0,0.0,0.0,0.0,0.5672729957956336,0.0,0.0,0.0,0.0,0.0,0.0,0.8235298101714638
0.0,0.0,0.0,0.0,0.0,0.0,0.0,1.0,0.0,0.0,0.0,0.0,0.0
